guy3_cobra025.jpg,222.0,136.0,0.56347656,224.0,131.0,0.3456108,218.0,131.0,0.47999153,218.0,125.0,0.22093101,202.0,126.0,0.32229158,204.0,122.0,0.3162946,179.0,131.0,0.35252723,202.0,138.0,0.37108287,140.0,128.0,0.3166748,204.0,149.0,0.38414702,153.0,160.0,0.5694965,154.0,118.0,0.49400386,139.0,123.0,0.39973053,123.0,104.0,0.33990335,107.0,115.0,0.5006076,100.0,94.0,0.4822158,84.0,99.0,0.44693324
guy3_cobra026.jpg,220.0,136.0,0.6942637,222.0,130.0,0.341931,216.0,129.0,0.48116368,215.0,124.0,0.26495275,199.0,125.0,0.4110971,201.0,124.0,0.40104696,177.0,130.0,0.3222785,198.0,138.0,0.37021407,138.0,127.0,0.4072735,204.0,150.0,0.45967442,150.0,161.0,0.5533383,150.0,116.0,0.5842618,136.0,123.0,0.43831968,126.0,106.0,0.48417103,107.0,115.0,0.42948377,100.0,95.0,0.5928947,86.0,100.0,0.4187567
guy3_cobra027.jpg,215.0,134.0,0.7327828,218.0,128.0,0.41000578,211.0,128.0,0.6599331,213.0,123.0,0.19593722,195.0,124.0,0.4071213,199.0,126.0,0.2553304,171.0,128.0,0.3391262,196.0,139.0,0.30455536,136.0,125.0,0.3247752,201.0,150.0,0.37689412,147.0,161.0,0.6292623,148.0,119.0,0.5089651,133.0,125.0,0.42321542,126.0,105.0,0.49559656,106.0,116.0,0.4199979,103.0,96.0,0.5008303,85.0,99.0,0.4947591
guy3_cobra028.jpg,211.0,133.0,0.6113564,215.0,126.0,0.26677498,208.0,126.0,0.523834,211.0,122.0,0.16208191,193.0,121.0,0.42557335,197.0,124.0,0.34452105,170.0,126.0,0.2811279,194.0,137.0,0.31568465,133.0,126.0,0.54872704,201.0,148.0,0.44788343,146.0,159.0,0.6514677,147.0,120.0,0.46711734,131.0,125.0,0.43450513,128.0,109.0,0.47669056,107.0,116.0,0.36701435,105.0,96.0,0.3679231,85.0,99.0,0.6414771
guy3_cobra029.jpg,208.0,132.0,0.68154866,212.0,126.0,0.6180179,204.0,126.0,0.64064467,210.0,120.0,0.122478314,188.0,120.0,0.41635537,198.0,125.0,0.285467,165.0,124.0,0.2919497,193.0,138.0,0.25018954,133.0,126.0,0.4475084,199.0,150.0,0.508747,144.0,161.0,0.68110156,149.0,120.0,0.4490586,133.0,124.0,0.34899408,127.0,106.0,0.5073208,108.0,116.0,0.42814445,106.0,96.0,0.54896563,88.0,98.0,0.40214127
guy3_cobra030.jpg,206.0,130.0,0.51390755,210.0,123.0,0.5553333,201.0,124.0,0.5470788,208.0,119.0,0.1530791,186.0,119.0,0.386917,196.0,127.0,0.28313366,163.0,123.0,0.27829778,192.0,137.0,0.3874273,132.0,127.0,0.52009153,199.0,152.0,0.43034926,142.0,162.0,0.67098725,148.0,120.0,0.46185523,133.0,123.0,0.31566992,127.0,105.0,0.47401866,107.0,113.0,0.2581279,106.0,95.0,0.4686821,88.0,98.0,0.51726705
guy3_cobra031.jpg,204.0,129.0,0.5566882,207.0,123.0,0.29130653,199.0,123.0,0.5645472,205.0,118.0,0.13684839,183.0,119.0,0.43471062,194.0,128.0,0.3274038,160.0,124.0,0.2626197,192.0,137.0,0.3289686,129.0,127.0,0.47613135,198.0,150.0,0.56010807,141.0,163.0,0.5931426,146.0,123.0,0.40252343,130.0,125.0,0.3760102,129.0,107.0,0.42021486,107.0,115.0,0.3291409,103.0,96.0,0.36262077,90.0,97.0,0.46390113
guy3_cobra032.jpg,200.0,128.0,0.57967806,204.0,122.0,0.55357033,195.0,122.0,0.56687695,204.0,117.0,0.24217705,180.0,117.0,0.30456993,194.0,126.0,0.32953823,159.0,124.0,0.29242185,190.0,135.0,0.37202743,128.0,127.0,0.4230993,195.0,150.0,0.7004968,139.0,162.0,0.6568513,148.0,119.0,0.45756304,132.0,123.0,0.40171593,127.0,105.0,0.5806575,107.0,114.0,0.3925302,104.0,95.0,0.44920227,90.0,98.0,0.47793046
guy3_cobra033.jpg,198.0,127.0,0.5967765,201.0,121.0,0.58510935,192.0,121.0,0.68574965,201.0,117.0,0.2037541,177.0,118.0,0.24897076,191.0,127.0,0.31655335,155.0,124.0,0.33617106,188.0,137.0,0.4601374,127.0,129.0,0.6392566,195.0,153.0,0.46637797,137.0,163.0,0.5968263,147.0,121.0,0.44925842,131.0,124.0,0.33600858,129.0,106.0,0.55992174,107.0,114.0,0.42140135,108.0,96.0,0.35604122,90.0,99.0,0.513895
guy3_cobra034.jpg,194.0,126.0,0.694896,198.0,120.0,0.5445227,188.0,121.0,0.58915186,199.0,115.0,0.18410814,173.0,116.0,0.41639096,190.0,124.0,0.2546701,154.0,124.0,0.28636497,186.0,134.0,0.49599025,125.0,130.0,0.54402035,193.0,154.0,0.5426172,135.0,165.0,0.645772,148.0,125.0,0.4502704,130.0,127.0,0.3089154,130.0,110.0,0.46374154,109.0,117.0,0.35947356,112.0,98.0,0.41776645,93.0,100.0,0.7612077
guy3_cobra035.jpg,191.0,125.0,0.5822984,195.0,119.0,0.5155176,185.0,120.0,0.5452095,195.0,114.0,0.1617758,170.0,116.0,0.36587328,186.0,123.0,0.37428558,151.0,124.0,0.2570245,185.0,133.0,0.3499037,124.0,130.0,0.5245281,192.0,155.0,0.47955424,134.0,165.0,0.69687164,144.0,126.0,0.4577317,127.0,127.0,0.31269002,129.0,109.0,0.46755815,107.0,115.0,0.32050815,110.0,96.0,0.41993052,93.0,100.0,0.5246501
guy3_cobra036.jpg,187.0,125.0,0.65634954,191.0,119.0,0.6504319,181.0,119.0,0.67361414,191.0,113.0,0.22926047,167.0,115.0,0.38875115,184.0,124.0,0.43803278,148.0,123.0,0.39351112,181.0,134.0,0.36733994,122.0,131.0,0.6142797,189.0,157.0,0.5536868,131.0,165.0,0.67979944,146.0,133.0,0.49547237,128.0,133.0,0.32814038,129.0,110.0,0.207547,109.0,117.0,0.34732115,112.0,98.0,0.48622975,95.0,100.0,0.56102854
guy3_cobra037.jpg,184.0,124.0,0.5504006,188.0,118.0,0.40509343,178.0,118.0,0.50681686,188.0,112.0,0.21014209,164.0,115.0,0.5549598,182.0,123.0,0.51059055,145.0,123.0,0.32758403,179.0,133.0,0.33135328,120.0,133.0,0.6167373,188.0,157.0,0.4780521,129.0,167.0,0.72555715,143.0,134.0,0.42558888,126.0,133.0,0.34422246,129.0,110.0,0.41481975,109.0,116.0,0.2772023,112.0,98.0,0.47085693,97.0,100.0,0.32440808
guy3_cobra038.jpg,180.0,124.0,0.7118807,184.0,117.0,0.3729278,174.0,119.0,0.7568866,185.0,112.0,0.3209621,160.0,116.0,0.43886054,181.0,122.0,0.5539534,144.0,125.0,0.31238362,179.0,136.0,0.24101649,120.0,134.0,0.5063621,187.0,159.0,0.29950625,126.0,167.0,0.6309796,144.0,136.0,0.47846657,127.0,135.0,0.2959075,131.0,115.0,0.51630455,110.0,120.0,0.22916123,114.0,100.0,0.30613223,96.0,102.0,0.44323185
guy3_cobra039.jpg,176.0,123.0,0.43193543,181.0,117.0,0.6990206,170.0,118.0,0.668417,183.0,112.0,0.37794632,156.0,115.0,0.42757362,179.0,121.0,0.5275068,141.0,124.0,0.373093,176.0,137.0,0.3871457,118.0,134.0,0.5297256,184.0,161.0,0.45953763,124.0,168.0,0.58783305,143.0,140.0,0.47628555,126.0,139.0,0.2834987,130.0,114.0,0.5338571,108.0,119.0,0.3147021,113.0,99.0,0.43171135,98.0,101.0,0.47835895
guy3_cobra040.jpg,174.0,123.0,0.7112508,178.0,117.0,0.44741032,168.0,118.0,0.5615057,181.0,112.0,0.34439662,154.0,116.0,0.42132688,178.0,120.0,0.64798033,139.0,124.0,0.3431128,175.0,136.0,0.46656972,116.0,135.0,0.48069695,183.0,161.0,0.38262293,123.0,169.0,0.64844173,143.0,140.0,0.4822071,126.0,141.0,0.27802894,131.0,114.0,0.48552936,112.0,121.0,0.16563687,114.0,100.0,0.35525453,99.0,102.0,0.5060192
guy3_cobra041.jpg,171.0,122.0,0.6144738,175.0,116.0,0.59633887,165.0,118.0,0.7042147,178.0,111.0,0.28238195,152.0,116.0,0.4529586,176.0,119.0,0.58295876,135.0,124.0,0.2757267,174.0,137.0,0.5114542,116.0,136.0,0.59145427,182.0,162.0,0.43716434,122.0,171.0,0.65032965,144.0,144.0,0.4605282,127.0,146.0,0.31174874,130.0,113.0,0.4388712,112.0,123.0,0.2070649,118.0,102.0,0.4108716,100.0,103.0,0.5588386
guy3_cobra042.jpg,167.0,122.0,0.5757892,172.0,116.0,0.4246111,161.0,118.0,0.5730789,175.0,112.0,0.42228264,149.0,115.0,0.41801918,174.0,118.0,0.559929,131.0,123.0,0.315602,172.0,137.0,0.42916337,114.0,137.0,0.64050233,180.0,161.0,0.4172367,119.0,171.0,0.7927956,146.0,147.0,0.55303913,125.0,145.0,0.33458263,130.0,116.0,0.37291643,112.0,122.0,0.18628418,121.0,101.0,0.32089844,100.0,104.0,0.4341171
guy3_cobra043.jpg,165.0,123.0,0.5216743,169.0,117.0,0.58004093,159.0,118.0,0.44801322,173.0,113.0,0.451102,146.0,116.0,0.35815215,172.0,119.0,0.5477332,130.0,125.0,0.22867432,171.0,138.0,0.4299286,113.0,140.0,0.6766883,179.0,164.0,0.467622,118.0,172.0,0.5368178,143.0,145.0,0.47653246,123.0,145.0,0.39217296,131.0,113.0,0.2799728,112.0,122.0,0.20023917,119.0,102.0,0.24393351,101.0,104.0,0.38818088
guy3_cobra044.jpg,161.0,124.0,0.6038682,166.0,118.0,0.45624435,155.0,119.0,0.6260167,171.0,114.0,0.43927342,144.0,116.0,0.37842897,170.0,121.0,0.55536294,127.0,126.0,0.3444423,170.0,141.0,0.44655743,112.0,141.0,0.59057254,178.0,166.0,0.47815037,117.0,172.0,0.63791186,142.0,146.0,0.5003482,122.0,146.0,0.33424428,135.0,114.0,0.12783955,114.0,122.0,0.2749488,122.0,104.0,0.16837032,102.0,106.0,0.45706117
guy3_cobra045.jpg,159.0,123.0,0.5012703,164.0,118.0,0.463745,154.0,119.0,0.65209484,168.0,114.0,0.3930575,141.0,115.0,0.40863106,170.0,121.0,0.7229519,123.0,125.0,0.3695665,169.0,142.0,0.5450019,112.0,142.0,0.7043481,177.0,168.0,0.58688676,116.0,173.0,0.60477173,143.0,148.0,0.54641455,123.0,148.0,0.3953028,130.0,116.0,0.16901068,117.0,121.0,0.30813128,124.0,105.0,0.1478419,105.0,107.0,0.33054817
guy3_cobra046.jpg,157.0,124.0,0.6505512,162.0,118.0,0.4085395,151.0,119.0,0.62391686,165.0,114.0,0.3672063,140.0,116.0,0.4316763,169.0,122.0,0.69571406,121.0,127.0,0.5397004,167.0,142.0,0.59369546,111.0,144.0,0.6461036,176.0,168.0,0.49434352,115.0,174.0,0.6363857,143.0,151.0,0.5166466,122.0,151.0,0.3558386,135.0,115.0,0.14598389,116.0,124.0,0.23443314,125.0,104.0,0.2046262,107.0,107.0,0.47147438
guy3_cobra047.jpg,156.0,125.0,0.65544856,160.0,119.0,0.61509025,150.0,120.0,0.62818176,164.0,114.0,0.3605745,139.0,116.0,0.30266252,167.0,122.0,0.6045854,121.0,127.0,0.45836014,168.0,142.0,0.5408977,111.0,144.0,0.70119286,175.0,170.0,0.5718093,115.0,176.0,0.59075236,144.0,151.0,0.5230001,122.0,152.0,0.32332438,133.0,116.0,0.11393695,119.0,122.0,0.2590926,125.0,107.0,0.18425407,109.0,107.0,0.4289381
guy3_cobra049.jpg,153.0,128.0,0.6173949,157.0,122.0,0.53651214,147.0,122.0,0.5176898,161.0,117.0,0.47160286,136.0,118.0,0.5379404,167.0,123.0,0.6695932,120.0,128.0,0.37222466,168.0,145.0,0.76655734,111.0,146.0,0.8675299,174.0,173.0,0.7343637,112.0,176.0,0.731611,143.0,153.0,0.53562695,122.0,153.0,0.488278,130.0,127.0,0.1264842,118.0,124.0,0.35656035,130.0,113.0,0.11155822,112.0,111.0,0.2762901
guy3_cobra061.jpg,147.0,145.0,0.6489432,152.0,140.0,0.6536318,142.0,140.0,0.75257623,161.0,136.0,0.6148324,135.0,137.0,0.66710854,170.0,145.0,0.79095334,124.0,146.0,0.67668295,176.0,165.0,0.5928617,120.0,166.0,0.7846321,178.0,192.0,0.7495629,117.0,193.0,0.7294757,160.0,173.0,0.74551696,136.0,174.0,0.74854344,162.0,150.0,0.2800156,141.0,152.0,0.17536242,165.0,147.0,0.112985246,144.0,150.0,0.1259248
guy3_cobra063.jpg,148.0,149.0,0.67122346,153.0,144.0,0.65950185,143.0,144.0,0.77996296,162.0,140.0,0.6353203,136.0,141.0,0.5253998,173.0,149.0,0.87469274,127.0,149.0,0.55656767,178.0,171.0,0.5473274,122.0,169.0,0.8393305,180.0,197.0,0.74264336,119.0,196.0,0.7465136,164.0,177.0,0.67676544,139.0,178.0,0.71380055,169.0,156.0,0.30896184,149.0,157.0,0.16974796,171.0,146.0,0.15809907,151.0,143.0,0.15010804
guy3_cobra064.jpg,148.0,151.0,0.69410974,153.0,146.0,0.61047715,143.0,146.0,0.6980409,162.0,142.0,0.6392565,137.0,143.0,0.6350014,174.0,150.0,0.68690324,127.0,151.0,0.67378634,179.0,171.0,0.78009546,123.0,170.0,0.74646115,180.0,200.0,0.6216716,119.0,198.0,0.7077879,163.0,179.0,0.7239588,140.0,180.0,0.7612367,168.0,156.0,0.23777914,148.0,158.0,0.11399318,171.0,146.0,0.15673321,152.0,145.0,0.17359564
guy3_cobra065.jpg,147.0,153.0,0.6720752,153.0,147.0,0.87327,143.0,147.0,0.8073435,163.0,143.0,0.5687256,137.0,143.0,0.62788785,176.0,152.0,0.69177884,128.0,152.0,0.79272485,181.0,174.0,0.84926647,124.0,172.0,0.8152765,182.0,202.0,0.7166648,120.0,200.0,0.8027061,167.0,180.0,0.7204933,143.0,180.0,0.69557947,174.0,152.0,0.32164258,128.0,153.0,0.28532958,170.0,134.0,0.38068697,155.0,143.0,0.12025243
guy3_cobra066.jpg,147.0,156.0,0.7382765,153.0,150.0,0.6706636,143.0,150.0,0.61489934,163.0,146.0,0.67383087,138.0,146.0,0.6032151,176.0,153.0,0.7556128,128.0,154.0,0.610039,181.0,177.0,0.6491029,126.0,174.0,0.89745176,182.0,205.0,0.89787924,121.0,202.0,0.8250471,167.0,183.0,0.726025,142.0,183.0,0.7071304,172.0,155.0,0.18226251,128.0,154.0,0.2882876,171.0,137.0,0.43724725,152.0,147.0,0.103547126
guy3_cobra067.jpg,148.0,158.0,0.5097029,153.0,152.0,0.8215955,143.0,152.0,0.74494725,164.0,148.0,0.57330567,139.0,149.0,0.58803904,177.0,155.0,0.8452514,129.0,156.0,0.7236747,184.0,179.0,0.63879144,126.0,175.0,0.8671299,184.0,206.0,0.8233911,122.0,204.0,0.82224023,168.0,185.0,0.66622233,143.0,186.0,0.6753036,175.0,157.0,0.17121547,150.0,164.0,0.12382492,174.0,144.0,0.245171,152.0,149.0,0.12299754
guy3_cobra068.jpg,148.0,159.0,0.61654687,153.0,153.0,0.7727005,143.0,153.0,0.5865412,164.0,147.0,0.6685629,138.0,149.0,0.54592526,177.0,158.0,0.76156807,131.0,159.0,0.67281157,185.0,180.0,0.66760933,127.0,177.0,0.76211405,185.0,208.0,0.8049977,122.0,205.0,0.7184161,170.0,187.0,0.53591913,145.0,188.0,0.46722215,177.0,155.0,0.4413387,130.0,158.0,0.4508508,177.0,138.0,0.39436373,163.0,146.0,0.24022563
guy3_cobra070.jpg,148.0,164.0,0.70581436,153.0,158.0,0.6496942,143.0,158.0,0.6961993,164.0,152.0,0.52714443,139.0,153.0,0.59334755,179.0,162.0,0.6905206,132.0,162.0,0.8354902,187.0,183.0,0.78236866,130.0,182.0,0.8211359,186.0,213.0,0.74644375,125.0,210.0,0.86637115,173.0,191.0,0.7171155,149.0,192.0,0.6774588,179.0,159.0,0.5612346,160.0,171.0,0.12347622,181.0,145.0,0.4787884,163.0,152.0,0.13861719
guy3_cobra071.jpg,147.0,165.0,0.74840903,153.0,159.0,0.87531346,143.0,159.0,0.7814838,164.0,154.0,0.6537984,138.0,154.0,0.53333056,180.0,164.0,0.56570274,133.0,164.0,0.75957656,187.0,186.0,0.7413741,131.0,184.0,0.7941764,186.0,216.0,0.83934873,124.0,212.0,0.7646917,174.0,194.0,0.64260626,151.0,194.0,0.5947284,181.0,160.0,0.54003143,165.0,159.0,0.16811112,183.0,152.0,0.18284035,166.0,152.0,0.23251936
guy3_cobra072.jpg,148.0,168.0,0.5905958,153.0,162.0,0.78795165,142.0,162.0,0.5253211,164.0,156.0,0.66864604,138.0,157.0,0.38500768,178.0,167.0,0.6739917,133.0,167.0,0.7386732,188.0,189.0,0.6440921,132.0,186.0,0.78358316,186.0,219.0,0.5738331,125.0,214.0,0.6966475,175.0,198.0,0.57786584,151.0,197.0,0.38846922,180.0,165.0,0.5040682,164.0,163.0,0.10955045,185.0,153.0,0.20070982,168.0,154.0,0.20987813
guy3_cobra073.jpg,147.0,169.0,0.66883796,153.0,163.0,0.8492718,142.0,163.0,0.816072,165.0,158.0,0.6020751,138.0,159.0,0.49613768,181.0,168.0,0.61914325,133.0,168.0,0.85400975,190.0,191.0,0.8078065,132.0,187.0,0.7885867,187.0,220.0,0.85443527,126.0,216.0,0.74822825,176.0,199.0,0.6520257,151.0,198.0,0.5846243,183.0,165.0,0.623706,166.0,164.0,0.20675953,185.0,158.0,0.21516313,169.0,156.0,0.30602705
guy3_cobra074.jpg,147.0,171.0,0.6483479,153.0,165.0,0.7644222,142.0,165.0,0.40299615,165.0,160.0,0.5749605,138.0,161.0,0.3810662,180.0,171.0,0.7648604,134.0,170.0,0.76356816,191.0,191.0,0.62767255,134.0,189.0,0.60455394,188.0,223.0,0.7481215,127.0,217.0,0.6445156,177.0,200.0,0.49596182,155.0,198.0,0.44897875,183.0,167.0,0.56761354,167.0,164.0,0.1898612,191.0,155.0,0.53662956,175.0,156.0,0.19892208
guy3_cobra076.jpg,146.0,176.0,0.52594817,152.0,169.0,0.6185719,141.0,169.0,0.5912499,164.0,165.0,0.527982,137.0,165.0,0.40252024,180.0,176.0,0.42120898,134.0,174.0,0.62532806,192.0,198.0,0.40788215,135.0,195.0,0.61299086,189.0,228.0,0.50082624,127.0,221.0,0.69526434,178.0,208.0,0.43425274,155.0,206.0,0.32077605,184.0,174.0,0.42487067,168.0,171.0,0.12652864,191.0,164.0,0.17738585,182.0,158.0,0.27038887
guy3_cobra078.jpg,145.0,179.0,0.6301092,151.0,173.0,0.5424936,141.0,173.0,0.36093113,163.0,169.0,0.60466105,137.0,168.0,0.30676532,182.0,181.0,0.57819986,135.0,177.0,0.528298,193.0,199.0,0.5259031,137.0,198.0,0.7113038,189.0,232.0,0.7263015,128.0,225.0,0.5512165,180.0,209.0,0.40993133,156.0,208.0,0.38528723,194.0,178.0,0.27006534,174.0,175.0,0.118830435,202.0,164.0,0.4576904,189.0,163.0,0.37211692
guy3_cobra079.jpg,145.0,180.0,0.5525621,150.0,174.0,0.6418068,140.0,174.0,0.61754966,163.0,170.0,0.61373436,137.0,171.0,0.25387195,181.0,182.0,0.5856248,135.0,179.0,0.7054459,194.0,203.0,0.5261388,137.0,201.0,0.57904696,189.0,235.0,0.6853932,128.0,227.0,0.64527285,180.0,212.0,0.5029472,154.0,212.0,0.3326986,196.0,180.0,0.13706562,172.0,180.0,0.10029751,202.0,169.0,0.14798482,189.0,167.0,0.20915836
guy3_cobra080.jpg,144.0,182.0,0.6282725,150.0,176.0,0.458853,139.0,176.0,0.5622889,163.0,172.0,0.549191,137.0,172.0,0.23561765,181.0,184.0,0.43588275,135.0,181.0,0.5829403,195.0,203.0,0.5924109,137.0,201.0,0.5413194,189.0,237.0,0.801561,128.0,229.0,0.42237705,179.0,219.0,0.4168216,155.0,213.0,0.22496508,198.0,185.0,0.17799057,178.0,179.0,0.19741906,195.0,166.0,0.32523954,189.0,170.0,0.20802951
guy3_cobra082.jpg,142.0,185.0,0.6807937,148.0,179.0,0.6207285,138.0,178.0,0.6601161,161.0,175.0,0.55258346,136.0,176.0,0.17985015,180.0,188.0,0.42515734,135.0,184.0,0.7156671,196.0,207.0,0.31278148,139.0,206.0,0.46526995,189.0,242.0,0.6225527,128.0,232.0,0.6246718,180.0,222.0,0.38416907,158.0,218.0,0.27713114,201.0,192.0,0.26998156,176.0,186.0,0.12415683,211.0,174.0,0.61531013,195.0,171.0,0.21237437
guy3_cobra083.jpg,141.0,187.0,0.48474598,146.0,180.0,0.8259963,136.0,180.0,0.5184462,160.0,177.0,0.5752392,135.0,177.0,0.17995192,179.0,190.0,0.46170312,135.0,186.0,0.51758265,197.0,210.0,0.503981,138.0,208.0,0.5463896,189.0,244.0,0.61436844,128.0,233.0,0.63902676,181.0,224.0,0.41732696,158.0,221.0,0.29216003,202.0,194.0,0.16491689,180.0,187.0,0.21108732,214.0,175.0,0.68759215,201.0,171.0,0.49739894
guy3_cobra084.jpg,140.0,188.0,0.67814714,146.0,182.0,0.6210402,136.0,181.0,0.6618687,160.0,178.0,0.43805948,134.0,179.0,0.18803081,180.0,192.0,0.5135704,134.0,187.0,0.48734188,197.0,212.0,0.4409314,138.0,209.0,0.61771953,188.0,247.0,0.6974181,128.0,235.0,0.6355018,184.0,227.0,0.44797617,162.0,220.0,0.36104175,205.0,196.0,0.21523565,182.0,190.0,0.31548977,217.0,178.0,0.34762123,200.0,175.0,0.29638976
guy3_cobra085.jpg,139.0,189.0,0.6214248,145.0,183.0,0.73829216,135.0,182.0,0.44276696,159.0,179.0,0.5984037,134.0,179.0,0.14341506,178.0,194.0,0.28788814,136.0,190.0,0.27512482,198.0,213.0,0.43204454,139.0,211.0,0.6012608,188.0,248.0,0.4222856,129.0,237.0,0.68764997,183.0,229.0,0.39685184,162.0,221.0,0.32061067,205.0,199.0,0.22463842,181.0,192.0,0.22995032,219.0,181.0,0.5690862,201.0,179.0,0.24561934
guy3_cobra086.jpg,137.0,191.0,0.68288255,144.0,185.0,0.7389426,134.0,184.0,0.43885386,158.0,181.0,0.6632477,133.0,182.0,0.10010768,178.0,196.0,0.3847378,137.0,193.0,0.21092261,198.0,216.0,0.48544952,138.0,215.0,0.55079967,188.0,251.0,0.72766924,128.0,240.0,0.65042114,182.0,233.0,0.48455906,162.0,226.0,0.35652193,207.0,201.0,0.22396433,183.0,195.0,0.21693352,220.0,184.0,0.39497343,202.0,183.0,0.15994842
guy3_cobra087.jpg,137.0,192.0,0.7464206,142.0,186.0,0.45137617,133.0,185.0,0.42656577,157.0,182.0,0.7755308,133.0,183.0,0.108117804,176.0,198.0,0.31866428,135.0,194.0,0.1866735,198.0,216.0,0.52948844,138.0,213.0,0.43979862,188.0,251.0,0.5097424,128.0,240.0,0.4981226,184.0,228.0,0.24542193,162.0,225.0,0.282415,209.0,203.0,0.34323972,183.0,196.0,0.39553615,223.0,187.0,0.3384254,201.0,185.0,0.25611007
guy3_cobra088.jpg,134.0,193.0,0.53827846,141.0,187.0,0.817158,131.0,186.0,0.6715778,156.0,183.0,0.78386426,133.0,183.0,0.40822646,179.0,196.0,0.6022862,133.0,194.0,0.3785947,198.0,218.0,0.7030958,138.0,215.0,0.7059845,187.0,254.0,0.73004544,127.0,241.0,0.81651366,183.0,233.0,0.58256865,161.0,229.0,0.46126574,205.0,212.0,0.37913674,185.0,196.0,0.67482936,226.0,187.0,0.7484736,203.0,187.0,0.5521278
guy3_cobra089.jpg,135.0,194.0,0.70317614,140.0,188.0,0.66183496,131.0,187.0,0.62898123,156.0,185.0,0.7450963,133.0,185.0,0.33726296,177.0,199.0,0.47434646,134.0,196.0,0.5061439,199.0,220.0,0.65321165,138.0,217.0,0.69596416,187.0,256.0,0.8846394,128.0,243.0,0.7520936,184.0,235.0,0.59700716,162.0,230.0,0.48233733,210.0,209.0,0.3933375,184.0,200.0,0.561613,228.0,190.0,0.6254722,204.0,189.0,0.364663
guy3_cobra090.jpg,133.0,195.0,0.6545265,140.0,189.0,0.76860416,130.0,188.0,0.6943137,154.0,186.0,0.87640357,134.0,187.0,0.3987582,177.0,200.0,0.58016527,133.0,199.0,0.44178876,198.0,222.0,0.6450306,138.0,220.0,0.66536963,186.0,258.0,0.8248455,127.0,245.0,0.7660125,186.0,229.0,0.4272522,164.0,227.0,0.4525339,210.0,212.0,0.46296,188.0,205.0,0.286669,230.0,192.0,0.87271976,206.0,192.0,0.5367032
guy3_cobra091.jpg,131.0,196.0,0.6490184,137.0,189.0,0.69568694,128.0,189.0,0.49582425,153.0,187.0,0.8098936,132.0,187.0,0.62243474,176.0,201.0,0.5411569,133.0,200.0,0.5828178,198.0,223.0,0.781885,137.0,220.0,0.69239634,185.0,259.0,0.8609378,127.0,245.0,0.8555583,185.0,232.0,0.48633575,163.0,230.0,0.49327555,211.0,212.0,0.6060629,189.0,206.0,0.29746237,233.0,194.0,0.7945819,208.0,193.0,0.6733199
guy3_cobra092.jpg,130.0,197.0,0.8621225,137.0,190.0,0.65594167,128.0,190.0,0.693678,152.0,188.0,0.81251353,132.0,188.0,0.6179499,176.0,203.0,0.6712316,132.0,200.0,0.58345234,198.0,225.0,0.7244333,138.0,222.0,0.7616893,185.0,261.0,0.9095733,126.0,247.0,0.68805844,186.0,234.0,0.5619898,163.0,232.0,0.52735734,213.0,214.0,0.6069286,191.0,208.0,0.33091936,235.0,196.0,0.6950467,209.0,196.0,0.5286917
guy3_cobra093.jpg,129.0,198.0,0.774879,135.0,191.0,0.8616358,127.0,191.0,0.73162603,151.0,189.0,0.8630026,132.0,189.0,0.6486194,176.0,203.0,0.61684114,132.0,202.0,0.561113,198.0,227.0,0.75412256,138.0,224.0,0.7036599,183.0,263.0,0.88230824,126.0,248.0,0.82377684,186.0,234.0,0.3490911,163.0,232.0,0.43175155,215.0,214.0,0.4982252,190.0,213.0,0.30123883,235.0,198.0,0.6487428,210.0,196.0,0.39393798
guy3_cobra094.jpg,127.0,199.0,0.72539026,134.0,192.0,0.8550721,125.0,192.0,0.61088204,149.0,190.0,0.9349517,131.0,191.0,0.5848881,174.0,207.0,0.6495873,130.0,204.0,0.6207281,197.0,229.0,0.81017756,139.0,226.0,0.72014654,183.0,263.0,0.9158198,126.0,249.0,0.73391175,183.0,237.0,0.50423884,161.0,235.0,0.48644805,214.0,218.0,0.652526,192.0,216.0,0.35846114,238.0,200.0,0.8948246,213.0,198.0,0.52542096
guy3_cobra095.jpg,126.0,199.0,0.7504545,133.0,192.0,0.7720766,124.0,192.0,0.62945217,149.0,190.0,0.8550894,128.0,191.0,0.57324994,173.0,208.0,0.5975431,131.0,206.0,0.60539675,196.0,229.0,0.8151028,139.0,226.0,0.7557769,181.0,264.0,0.9021299,126.0,249.0,0.66501546,187.0,233.0,0.46371183,165.0,232.0,0.30451587,219.0,217.0,0.79374766,200.0,209.0,0.5582434,238.0,201.0,0.46671194,220.0,198.0,0.44157174
guy3_cobra096.jpg,124.0,200.0,0.7559264,131.0,193.0,0.8193626,122.0,193.0,0.6055703,147.0,191.0,0.9240444,129.0,192.0,0.54232556,173.0,208.0,0.60231847,131.0,208.0,0.74709797,196.0,231.0,0.85765445,137.0,229.0,0.7705904,181.0,266.0,0.8776464,125.0,251.0,0.85620946,187.0,236.0,0.39419487,163.0,236.0,0.3854261,219.0,218.0,0.75974095,201.0,213.0,0.60951257,241.0,204.0,0.8603052,218.0,200.0,0.4865282
guy3_cobra097.jpg,123.0,200.0,0.7466007,129.0,193.0,0.85743505,121.0,193.0,0.64296556,146.0,191.0,0.9246683,128.0,192.0,0.50103617,173.0,208.0,0.8095023,129.0,207.0,0.6519319,196.0,232.0,0.80873543,137.0,227.0,0.77950954,180.0,266.0,0.892969,124.0,252.0,0.77267635,186.0,237.0,0.54128367,164.0,237.0,0.413888,219.0,221.0,0.77058166,200.0,217.0,0.5863264,243.0,206.0,0.87787133,219.0,201.0,0.52557695
guy3_cobra098.jpg,121.0,200.0,0.64687717,128.0,193.0,0.6551452,120.0,193.0,0.51165795,145.0,193.0,0.7609755,126.0,193.0,0.6115047,172.0,208.0,0.709476,128.0,210.0,0.7079236,194.0,233.0,0.83241844,137.0,230.0,0.78443235,178.0,267.0,0.9591032,124.0,252.0,0.80594444,189.0,235.0,0.5852195,168.0,234.0,0.36410114,219.0,221.0,0.77665114,203.0,216.0,0.6160306,246.0,208.0,0.7658497,224.0,202.0,0.61138046
guy3_cobra099.jpg,121.0,201.0,0.6799741,128.0,194.0,0.6612967,119.0,194.0,0.5917965,144.0,193.0,0.90281636,126.0,193.0,0.6291313,172.0,209.0,0.7600175,127.0,211.0,0.722206,195.0,235.0,0.72434294,138.0,233.0,0.6804594,178.0,269.0,0.96058375,124.0,254.0,0.5797734,191.0,235.0,0.5835013,168.0,235.0,0.3784918,221.0,223.0,0.6537869,205.0,217.0,0.61474836,244.0,208.0,0.50348943,222.0,204.0,0.58585024
guy3_cobra100.jpg,118.0,201.0,0.67685115,125.0,194.0,0.6244,117.0,193.0,0.7879657,142.0,193.0,0.93566906,125.0,193.0,0.7112688,169.0,211.0,0.7484509,126.0,210.0,0.7072859,193.0,236.0,0.7478738,136.0,233.0,0.7728504,178.0,269.0,0.8880891,122.0,255.0,0.6788882,191.0,235.0,0.7239355,167.0,234.0,0.39250594,225.0,223.0,0.84520864,203.0,218.0,0.5103642,248.0,210.0,0.754334,217.0,206.0,0.27614087
guy3_cobra101.jpg,117.0,201.0,0.8551201,123.0,194.0,0.889702,116.0,194.0,0.72785527,141.0,194.0,0.8529794,124.0,193.0,0.6237693,170.0,211.0,0.8134124,127.0,214.0,0.7511647,193.0,237.0,0.67472076,135.0,235.0,0.7969229,176.0,270.0,0.8582537,122.0,256.0,0.6884202,190.0,237.0,0.59166324,169.0,237.0,0.42987826,221.0,226.0,0.73400724,203.0,221.0,0.5744659,249.0,211.0,0.8361318,233.0,205.0,0.5589216
guy3_cobra102.jpg,116.0,202.0,0.77364576,122.0,195.0,0.7008735,115.0,195.0,0.6647272,140.0,194.0,0.9197895,123.0,194.0,0.57563233,168.0,211.0,0.8078555,125.0,212.0,0.76021934,193.0,237.0,0.6305399,136.0,234.0,0.8680227,176.0,270.0,0.8590289,122.0,256.0,0.8656169,190.0,238.0,0.67847466,169.0,237.0,0.45747682,222.0,226.0,0.7729614,204.0,221.0,0.6278864,248.0,212.0,0.6719109,227.0,207.0,0.36305308
guy3_cobra103.jpg,114.0,202.0,0.89003736,121.0,195.0,0.9182343,113.0,195.0,0.80614495,138.0,194.0,0.841134,122.0,194.0,0.7099596,167.0,212.0,0.7566714,125.0,214.0,0.75253326,192.0,238.0,0.7067631,136.0,237.0,0.8147942,174.0,271.0,0.86320466,122.0,256.0,0.6767161,191.0,238.0,0.6620204,171.0,236.0,0.43090358,225.0,225.0,0.7931845,205.0,222.0,0.5781368,251.0,214.0,0.78195816,226.0,208.0,0.39197543
guy3_cobra104.jpg,113.0,203.0,0.89705837,119.0,196.0,0.83130485,111.0,196.0,0.7109322,137.0,195.0,0.6761235,120.0,195.0,0.6121664,165.0,212.0,0.7602005,124.0,213.0,0.76073074,191.0,239.0,0.6371608,135.0,237.0,0.7794549,173.0,272.0,0.8653282,122.0,256.0,0.78430754,191.0,239.0,0.7020893,170.0,238.0,0.41913256,225.0,227.0,0.6848012,205.0,222.0,0.6419443,253.0,215.0,0.82929623,233.0,208.0,0.48797777
guy3_cobra105.jpg,111.0,203.0,0.8828263,117.0,196.0,0.7387242,110.0,196.0,0.76181734,135.0,196.0,0.84707767,119.0,196.0,0.7175184,163.0,212.0,0.7802948,124.0,217.0,0.8440039,190.0,239.0,0.6365205,134.0,239.0,0.82617915,172.0,272.0,0.9329146,121.0,257.0,0.7686903,194.0,238.0,0.7357826,175.0,238.0,0.38522232,226.0,229.0,0.53755903,209.0,222.0,0.6819501,256.0,216.0,0.83219403,237.0,210.0,0.47725603
guy3_cobra106.jpg,109.0,204.0,0.85933554,115.0,197.0,0.74002594,108.0,197.0,0.7528322,134.0,197.0,0.86084557,118.0,197.0,0.6953014,162.0,214.0,0.6790837,123.0,219.0,0.69255775,189.0,240.0,0.66424525,132.0,240.0,0.7658344,170.0,272.0,0.9646277,121.0,257.0,0.7722459,193.0,240.0,0.76150686,176.0,238.0,0.4831041,227.0,229.0,0.6663202,209.0,224.0,0.70030046,258.0,218.0,0.86653954,229.0,212.0,0.4469038
guy3_cobra107.jpg,108.0,205.0,0.82934153,114.0,198.0,0.8998234,107.0,198.0,0.8331141,131.0,198.0,0.9039603,116.0,197.0,0.697842,162.0,214.0,0.67131555,122.0,220.0,0.7499999,189.0,240.0,0.67456603,133.0,241.0,0.7683804,170.0,273.0,0.9361253,120.0,258.0,0.79559934,193.0,241.0,0.70760727,176.0,239.0,0.4795967,227.0,230.0,0.49592662,209.0,226.0,0.73491305,259.0,218.0,0.8584414,230.0,213.0,0.3510737
guy3_cobra108.jpg,106.0,206.0,0.6548329,112.0,199.0,0.831549,106.0,199.0,0.63958514,130.0,197.0,0.91403073,115.0,198.0,0.5320299,160.0,214.0,0.7035569,121.0,220.0,0.6667402,188.0,240.0,0.7532209,132.0,240.0,0.7758161,169.0,273.0,0.93105173,121.0,258.0,0.9162656,190.0,244.0,0.65100205,173.0,243.0,0.45181993,223.0,231.0,0.5372199,207.0,228.0,0.6997997,258.0,219.0,0.7428466,224.0,215.0,0.512481
guy3_cobra109.jpg,105.0,207.0,0.57377696,111.0,200.0,0.8427458,104.0,200.0,0.7103369,128.0,200.0,0.83550763,113.0,199.0,0.5572665,157.0,216.0,0.55588967,120.0,219.0,0.74742496,187.0,241.0,0.56230164,132.0,240.0,0.77458644,168.0,273.0,0.87700737,122.0,258.0,0.87609524,189.0,243.0,0.66825485,174.0,243.0,0.5035762,223.0,234.0,0.5672872,208.0,229.0,0.7153106,261.0,221.0,0.7255136,229.0,216.0,0.46736506
guy3_cobra110.jpg,103.0,207.0,0.7163615,108.0,201.0,0.8589914,101.0,201.0,0.7133734,126.0,200.0,0.8245338,111.0,200.0,0.63568985,155.0,215.0,0.6941228,121.0,216.0,0.64107615,186.0,239.0,0.55918294,130.0,238.0,0.7391026,167.0,271.0,0.9565753,120.0,257.0,0.84254545,190.0,241.0,0.7252021,175.0,242.0,0.5427556,228.0,230.0,0.54859066,209.0,227.0,0.49684468,263.0,222.0,0.82882124,246.0,215.0,0.48696268
guy3_cobra111.jpg,101.0,209.0,0.8515616,106.0,201.0,0.8050666,100.0,202.0,0.85221946,123.0,201.0,0.8774417,110.0,200.0,0.6279081,153.0,216.0,0.6269931,118.0,218.0,0.54671717,185.0,240.0,0.5364188,129.0,236.0,0.5561614,165.0,271.0,0.93662655,122.0,254.0,0.7390333,189.0,244.0,0.6910745,177.0,243.0,0.5601466,223.0,231.0,0.45123148,211.0,228.0,0.5952463,263.0,222.0,0.82375073,229.0,216.0,0.24115011
guy3_cobra112.jpg,99.0,210.0,0.85015076,105.0,202.0,0.619364,99.0,203.0,0.6767874,122.0,201.0,0.9471481,109.0,201.0,0.70980036,151.0,217.0,0.7335291,118.0,220.0,0.65129864,185.0,240.0,0.53641903,128.0,237.0,0.58150864,166.0,271.0,0.9528182,122.0,254.0,0.7979641,189.0,244.0,0.59392965,177.0,242.0,0.5733149,223.0,234.0,0.38879547,211.0,229.0,0.5860164,263.0,223.0,0.8342005,224.0,219.0,0.3813263
guy3_cobra113.jpg,98.0,211.0,0.8195518,103.0,204.0,0.813844,98.0,204.0,0.7461602,120.0,203.0,0.7694034,109.0,202.0,0.6946166,146.0,218.0,0.6801553,118.0,222.0,0.6752026,182.0,238.0,0.48016188,128.0,238.0,0.4883126,164.0,270.0,0.8485405,122.0,253.0,0.82153887,190.0,243.0,0.6297647,182.0,241.0,0.6127061,223.0,233.0,0.38825828,215.0,230.0,0.5199525,264.0,223.0,0.80961156,249.0,221.0,0.27970818
guy3_cobra114.jpg,96.0,212.0,0.82107043,101.0,205.0,0.7445903,96.0,205.0,0.6764161,119.0,204.0,0.869105,109.0,204.0,0.5139434,147.0,218.0,0.6284039,119.0,221.0,0.7554844,181.0,238.0,0.51433396,132.0,242.0,0.53137875,163.0,270.0,0.69390464,123.0,254.0,0.81884646,190.0,242.0,0.58473176,183.0,241.0,0.6464802,226.0,233.0,0.54131293,214.0,230.0,0.3357479,265.0,224.0,0.8213945,254.0,219.0,0.42543215
guy3_cobra115.jpg,94.0,212.0,0.7967967,99.0,206.0,0.78289133,95.0,206.0,0.74957967,117.0,205.0,0.6776097,108.0,205.0,0.6091449,145.0,219.0,0.7029661,117.0,222.0,0.71774864,180.0,238.0,0.55775523,130.0,240.0,0.43602064,164.0,270.0,0.83506316,121.0,254.0,0.7387785,191.0,243.0,0.68479824,185.0,241.0,0.5864804,224.0,234.0,0.41087583,215.0,227.0,0.49814266,267.0,225.0,0.8080549,252.0,220.0,0.4992988
guy3_cobra116.jpg,93.0,213.0,0.78619504,98.0,206.0,0.822533,93.0,207.0,0.7689006,115.0,205.0,0.6231725,107.0,205.0,0.5041572,141.0,219.0,0.66385186,118.0,222.0,0.77717257,179.0,237.0,0.62372804,133.0,239.0,0.39264268,163.0,268.0,0.87504256,122.0,253.0,0.8263804,190.0,243.0,0.6958716,186.0,240.0,0.54542744,225.0,232.0,0.496618,216.0,229.0,0.36545202,267.0,225.0,0.7062149,250.0,219.0,0.49885
guy3_cobra117.jpg,91.0,215.0,0.84322107,96.0,208.0,0.5055896,93.0,208.0,0.6748079,115.0,207.0,0.91534555,108.0,207.0,0.7402996,143.0,220.0,0.6038731,118.0,223.0,0.5756904,177.0,237.0,0.43862027,130.0,241.0,0.36830264,162.0,268.0,0.8145597,122.0,255.0,0.74970293,191.0,243.0,0.6962799,186.0,242.0,0.61383057,224.0,234.0,0.39263552,218.0,231.0,0.5846694,269.0,225.0,0.8050473,256.0,220.0,0.5526448
guy3_cobra118.jpg,90.0,216.0,0.6914631,95.0,209.0,0.8514838,91.0,210.0,0.85247135,113.0,207.0,0.8268373,106.0,208.0,0.671257,138.0,221.0,0.7034254,119.0,221.0,0.50527716,177.0,237.0,0.47683474,137.0,239.0,0.2644765,162.0,267.0,0.8850103,122.0,253.0,0.699763,190.0,242.0,0.680928,186.0,238.0,0.47641546,228.0,233.0,0.49410284,220.0,227.0,0.6227107,270.0,225.0,0.80514765,255.0,220.0,0.41731015
guy3_cobra119.jpg,89.0,217.0,0.6484494,94.0,210.0,0.70155776,90.0,210.0,0.62438536,111.0,208.0,0.89429337,104.0,209.0,0.6933816,138.0,221.0,0.70538795,119.0,221.0,0.5351526,176.0,236.0,0.45767954,138.0,240.0,0.40545738,160.0,267.0,0.80746937,122.0,253.0,0.65990233,189.0,242.0,0.63491654,185.0,237.0,0.4592783,228.0,236.0,0.52924454,220.0,228.0,0.5480119,272.0,226.0,0.8333995,259.0,220.0,0.4104453
guy3_cobra120.jpg,89.0,217.0,0.7977764,93.0,211.0,0.77139395,90.0,211.0,0.68120086,111.0,208.0,0.8913286,104.0,209.0,0.7024571,137.0,220.0,0.7417247,119.0,220.0,0.54123783,177.0,235.0,0.5593889,141.0,239.0,0.3554034,161.0,264.0,0.70126855,124.0,252.0,0.73131746,188.0,239.0,0.7129065,185.0,236.0,0.56353426,229.0,234.0,0.31835175,224.0,228.0,0.63762045,271.0,226.0,0.7280096,264.0,223.0,0.46102697
guy3_cobra121.jpg,88.0,217.0,0.7332123,92.0,211.0,0.79862714,89.0,211.0,0.76693344,109.0,208.0,0.5504525,102.0,209.0,0.45441768,134.0,220.0,0.6553701,117.0,220.0,0.71973187,176.0,234.0,0.5268546,140.0,238.0,0.36326727,161.0,263.0,0.897508,124.0,251.0,0.6737344,187.0,240.0,0.5411011,185.0,235.0,0.46031207,230.0,233.0,0.56198585,224.0,228.0,0.62212825,273.0,226.0,0.8140365,264.0,222.0,0.59508455
guy3_cobra122.jpg,86.0,217.0,0.7881363,90.0,211.0,0.73017526,88.0,211.0,0.7880289,108.0,208.0,0.88842356,102.0,208.0,0.6497545,130.0,219.0,0.61550534,117.0,217.0,0.70394605,175.0,232.0,0.5010506,138.0,233.0,0.21520373,160.0,261.0,0.8568587,124.0,250.0,0.7327399,188.0,239.0,0.75615513,186.0,234.0,0.6161052,227.0,233.0,0.55290854,222.0,228.0,0.46721587,273.0,226.0,0.75797784,265.0,221.0,0.6106459
guy3_cobra123.jpg,87.0,218.0,0.7733472,90.0,211.0,0.7340994,87.0,211.0,0.6860486,107.0,208.0,0.85247004,101.0,208.0,0.45573,131.0,218.0,0.6836841,116.0,215.0,0.6597838,176.0,231.0,0.5964464,141.0,225.0,0.10574288,160.0,259.0,0.7695173,123.0,247.0,0.55080175,190.0,236.0,0.7445477,187.0,228.0,0.58117986,228.0,232.0,0.586935,219.0,224.0,0.45557356,275.0,224.0,0.73894656,264.0,218.0,0.69658387
guy3_cobra125.jpg,85.0,215.0,0.78718483,87.0,209.0,0.64094645,85.0,209.0,0.6098209,104.0,206.0,0.6547422,100.0,206.0,0.57703173,123.0,213.0,0.741187,115.0,210.0,0.5356624,173.0,225.0,0.48619506,134.0,219.0,0.103295766,158.0,253.0,0.8173065,120.0,243.0,0.4312592,187.0,231.0,0.69378906,186.0,224.0,0.5854993,230.0,228.0,0.7054621,225.0,221.0,0.5728072,277.0,220.0,0.6601467,267.0,215.0,0.5014391
guy3_cobra126.jpg,84.0,213.0,0.7905439,86.0,207.0,0.7090814,84.0,207.0,0.60324025,102.0,204.0,0.8584006,98.0,204.0,0.57592595,125.0,212.0,0.73260367,113.0,207.0,0.54028857,173.0,224.0,0.47390547,142.0,210.0,0.19061379,157.0,250.0,0.7938333,120.0,238.0,0.44246456,188.0,229.0,0.7058461,185.0,219.0,0.6112686,228.0,226.0,0.574135,220.0,219.0,0.37398073,277.0,218.0,0.7256,251.0,210.0,0.41224003
guy3_cobra127.jpg,81.0,212.0,0.7638064,83.0,206.0,0.7193579,81.0,206.0,0.76667076,100.0,202.0,0.75016314,95.0,202.0,0.6516131,121.0,209.0,0.6663449,113.0,206.0,0.64897144,170.0,221.0,0.3929899,145.0,208.0,0.23075975,154.0,247.0,0.7853874,121.0,236.0,0.44596902,185.0,226.0,0.7295126,185.0,218.0,0.57445204,228.0,223.0,0.7371626,223.0,217.0,0.49512637,275.0,215.0,0.70834255,265.0,210.0,0.67898935
guy3_cobra128.jpg,80.0,211.0,0.6776801,82.0,205.0,0.58472645,81.0,204.0,0.5472349,98.0,200.0,0.7093959,95.0,200.0,0.71565855,119.0,207.0,0.6653061,116.0,200.0,0.5479851,168.0,218.0,0.35881993,148.0,204.0,0.27233517,152.0,242.0,0.69110966,134.0,231.0,0.1840216,187.0,223.0,0.65151894,187.0,212.0,0.55394816,228.0,220.0,0.6352559,224.0,213.0,0.40675554,274.0,210.0,0.5498144,267.0,207.0,0.6739752
guy3_cobra129.jpg,79.0,208.0,0.73208344,81.0,202.0,0.48820677,78.0,202.0,0.62695706,96.0,198.0,0.74322534,92.0,198.0,0.54280335,118.0,205.0,0.65018797,107.0,200.0,0.5929556,165.0,214.0,0.39726385,129.0,202.0,0.10607186,151.0,239.0,0.79460716,114.0,229.0,0.16092545,185.0,220.0,0.73298156,183.0,210.0,0.62379956,224.0,218.0,0.6367496,215.0,211.0,0.3720445,273.0,209.0,0.6817173,260.0,204.0,0.5978568
guy3_cobra130.jpg,77.0,205.0,0.53966796,78.0,200.0,0.7402779,76.0,200.0,0.69288766,94.0,196.0,0.66890043,90.0,195.0,0.56362736,117.0,201.0,0.6582122,106.0,197.0,0.4824352,167.0,209.0,0.4173822,134.0,196.0,0.13494238,150.0,235.0,0.6596253,114.0,224.0,0.3060221,184.0,216.0,0.76118255,182.0,206.0,0.62750196,227.0,212.0,0.53384197,221.0,206.0,0.5861871,276.0,208.0,0.76338464,262.0,203.0,0.55150187
guy3_cobra133.jpg,71.0,198.0,0.5950459,73.0,191.0,0.520692,69.0,192.0,0.33599585,90.0,185.0,0.7091882,80.0,187.0,0.16028236,115.0,190.0,0.3313965,100.0,190.0,0.38456458,156.0,202.0,0.14061247,105.0,197.0,0.10030362,144.0,221.0,0.5185888,101.0,206.0,0.1513001,177.0,202.0,0.41572273,172.0,193.0,0.37431175,222.0,204.0,0.36595345,220.0,197.0,0.15881285,268.0,197.0,0.6086257,261.0,193.0,0.24469286
guy3_cobra137.jpg,65.0,186.0,0.67893696,66.0,180.0,0.541757,64.0,180.0,0.56940234,82.0,175.0,0.74365914,77.0,174.0,0.6375642,105.0,177.0,0.59908885,96.0,174.0,0.3938863,155.0,180.0,0.3902343,126.0,171.0,0.22747889,137.0,205.0,0.7945537,116.0,196.0,0.15977737,177.0,188.0,0.7203345,173.0,179.0,0.5988043,220.0,189.0,0.4530451,217.0,181.0,0.6323743,268.0,185.0,0.43437013,263.0,181.0,0.49970183
guy3_cobra138.jpg,62.0,185.0,0.51718664,64.0,179.0,0.77875894,62.0,179.0,0.7158228,80.0,172.0,0.5847246,73.0,172.0,0.42175362,103.0,175.0,0.5317203,97.0,170.0,0.27159753,153.0,176.0,0.39011994,130.0,169.0,0.2074556,136.0,200.0,0.8324337,119.0,192.0,0.20954452,175.0,185.0,0.73824453,172.0,177.0,0.505604,220.0,186.0,0.5026614,215.0,179.0,0.6247102,264.0,182.0,0.5831162,260.0,179.0,0.59317386
guy3_cobra139.jpg,61.0,182.0,0.52356124,62.0,175.0,0.6402506,59.0,175.0,0.6533257,78.0,169.0,0.584051,70.0,169.0,0.27874532,102.0,174.0,0.40482017,89.0,171.0,0.3093173,144.0,180.0,0.13411295,118.0,166.0,0.11431811,129.0,196.0,0.2812228,99.0,183.0,0.10842344,164.0,182.0,0.3874052,160.0,175.0,0.36405343,215.0,182.0,0.16059414,214.0,177.0,0.23912595,259.0,179.0,0.3719122,259.0,178.0,0.33923677
guy3_cobra140.jpg,59.0,181.0,0.5722115,60.0,175.0,0.5480889,58.0,176.0,0.540423,76.0,168.0,0.8370384,71.0,168.0,0.62068105,95.0,171.0,0.6039479,92.0,165.0,0.47038248,148.0,170.0,0.34612104,131.0,161.0,0.23962973,130.0,192.0,0.720539,116.0,177.0,0.11601692,170.0,179.0,0.75436735,167.0,171.0,0.5198343,217.0,179.0,0.4914233,214.0,174.0,0.59385717,261.0,176.0,0.48150447,259.0,174.0,0.62869567
