guy3_tree085.jpg,173.0,38.0,0.6504092,179.0,33.0,0.8510926,169.0,33.0,0.7072724,191.0,35.0,0.6858146,167.0,35.0,0.4027996,202.0,71.0,0.70546675,158.0,70.0,0.7955477,222.0,105.0,0.69895387,130.0,101.0,0.6102265,185.0,108.0,0.53774565,153.0,96.0,0.42776707,183.0,146.0,0.74289215,155.0,139.0,0.74604845,178.0,206.0,0.7025453,106.0,157.0,0.54766357,172.0,263.0,0.7165369,158.0,170.0,0.6560661
guy3_tree086.jpg,173.0,36.0,0.6056723,179.0,32.0,0.6975872,169.0,31.0,0.6135045,190.0,35.0,0.68122864,167.0,35.0,0.24674834,202.0,70.0,0.7021049,157.0,69.0,0.8261517,219.0,104.0,0.6839359,131.0,100.0,0.47576052,183.0,102.0,0.43525338,155.0,92.0,0.4022925,182.0,146.0,0.719066,154.0,138.0,0.6575556,178.0,205.0,0.7092221,106.0,156.0,0.5235853,172.0,265.0,0.67987186,157.0,169.0,0.6300393
guy3_tree087.jpg,172.0,36.0,0.56066316,178.0,31.0,0.8823401,169.0,31.0,0.7685236,190.0,35.0,0.8267256,168.0,35.0,0.42956626,203.0,70.0,0.8366395,156.0,69.0,0.74435437,216.0,104.0,0.8611597,131.0,102.0,0.7692563,182.0,97.0,0.5013312,157.0,90.0,0.502303,181.0,145.0,0.7981554,154.0,138.0,0.8175142,177.0,206.0,0.7737318,106.0,156.0,0.5546807,171.0,265.0,0.7867398,156.0,170.0,0.68402255
guy3_tree088.jpg,171.0,34.0,0.54059935,177.0,30.0,0.6018495,169.0,30.0,0.46477082,190.0,33.0,0.60219896,167.0,33.0,0.25362855,202.0,68.0,0.6879393,156.0,68.0,0.7899561,213.0,100.0,0.760439,132.0,100.0,0.77235883,176.0,90.0,0.6305864,159.0,86.0,0.36801615,181.0,143.0,0.7199981,154.0,136.0,0.69397664,176.0,205.0,0.70208186,105.0,155.0,0.58410454,171.0,263.0,0.7263086,155.0,169.0,0.69366807
guy3_tree089.jpg,170.0,33.0,0.7123133,176.0,28.0,0.5512767,167.0,28.0,0.5055174,190.0,33.0,0.6938281,168.0,31.0,0.4466558,202.0,68.0,0.8542663,156.0,66.0,0.7271539,210.0,99.0,0.52214664,131.0,100.0,0.58385116,174.0,86.0,0.52900535,158.0,84.0,0.523968,179.0,143.0,0.63323736,154.0,135.0,0.7911679,177.0,206.0,0.6963452,104.0,155.0,0.54293525,170.0,265.0,0.82629514,155.0,168.0,0.6727299
guy3_tree090.jpg,169.0,33.0,0.47573963,176.0,27.0,0.48233944,167.0,28.0,0.48629287,189.0,32.0,0.632722,168.0,31.0,0.39310727,201.0,67.0,0.6239971,156.0,64.0,0.802026,208.0,97.0,0.5881666,132.0,99.0,0.6384103,173.0,83.0,0.4672532,157.0,81.0,0.60918236,179.0,143.0,0.62879086,154.0,135.0,0.77663565,176.0,206.0,0.6652021,106.0,154.0,0.5728855,171.0,264.0,0.6981462,154.0,167.0,0.65246487
guy3_tree091.jpg,169.0,31.0,0.6856456,175.0,26.0,0.5380184,166.0,26.0,0.46951458,189.0,31.0,0.7520094,168.0,29.0,0.38312218,201.0,65.0,0.6124686,156.0,64.0,0.72489405,206.0,98.0,0.53865683,131.0,98.0,0.7092495,171.0,82.0,0.633497,157.0,79.0,0.5469552,178.0,142.0,0.6635138,154.0,134.0,0.82244897,175.0,204.0,0.72499096,105.0,153.0,0.60911715,170.0,264.0,0.74972785,154.0,167.0,0.6434858
guy3_tree092.jpg,167.0,31.0,0.62617207,174.0,26.0,0.39832446,165.0,25.0,0.46431845,188.0,30.0,0.58327913,166.0,29.0,0.4972566,200.0,64.0,0.67305917,154.0,63.0,0.6771884,205.0,97.0,0.636698,131.0,97.0,0.71388054,170.0,81.0,0.5817944,156.0,78.0,0.6441463,177.0,141.0,0.69763374,152.0,134.0,0.8408552,174.0,205.0,0.7656617,104.0,154.0,0.7327193,169.0,265.0,0.7456145,154.0,167.0,0.77319187
guy3_tree093.jpg,167.0,30.0,0.82465595,174.0,25.0,0.787411,164.0,25.0,0.5696344,188.0,30.0,0.83022,167.0,28.0,0.64713275,201.0,63.0,0.83020866,154.0,60.0,0.8887705,203.0,97.0,0.8573592,131.0,96.0,0.6516465,168.0,82.0,0.6976582,155.0,79.0,0.5147022,178.0,139.0,0.8038157,152.0,133.0,0.90355253,174.0,204.0,0.78397286,104.0,153.0,0.7038965,169.0,267.0,0.7244787,153.0,166.0,0.7347588
guy3_tree094.jpg,165.0,29.0,0.583539,172.0,23.0,0.7949816,164.0,23.0,0.6613338,187.0,28.0,0.5194516,167.0,26.0,0.6201,200.0,63.0,0.66295636,153.0,61.0,0.7922797,201.0,95.0,0.74105775,129.0,96.0,0.73708206,166.0,79.0,0.65442497,152.0,77.0,0.6942955,177.0,138.0,0.7271924,151.0,132.0,0.86494404,173.0,203.0,0.79579616,104.0,152.0,0.6216762,167.0,263.0,0.7655438,152.0,165.0,0.7873097
guy3_tree095.jpg,165.0,29.0,0.7355069,172.0,23.0,0.68247974,164.0,23.0,0.74184346,186.0,28.0,0.6982876,168.0,26.0,0.6427726,199.0,62.0,0.81784904,153.0,59.0,0.835548,202.0,94.0,0.65966916,129.0,98.0,0.6022268,165.0,80.0,0.674194,151.0,77.0,0.6863655,177.0,137.0,0.84446293,150.0,132.0,0.75077176,172.0,202.0,0.6019363,104.0,151.0,0.7448961,166.0,263.0,0.6588664,152.0,165.0,0.79680955
guy3_tree096.jpg,164.0,28.0,0.77049065,170.0,23.0,0.7314621,161.0,23.0,0.59671414,186.0,27.0,0.77103114,166.0,25.0,0.47025698,200.0,62.0,0.7393042,152.0,59.0,0.7729614,200.0,93.0,0.77075756,128.0,97.0,0.9063357,163.0,79.0,0.71055156,150.0,76.0,0.6557324,175.0,136.0,0.8131016,149.0,132.0,0.7373631,171.0,201.0,0.6344018,105.0,150.0,0.7712393,167.0,262.0,0.65605605,151.0,164.0,0.7645839
guy3_tree097.jpg,164.0,28.0,0.7730186,170.0,22.0,0.64827955,161.0,22.0,0.6959909,185.0,26.0,0.8633453,166.0,25.0,0.4894944,197.0,61.0,0.83756423,153.0,57.0,0.7281489,198.0,92.0,0.7346666,130.0,95.0,0.70538247,162.0,78.0,0.7095823,150.0,77.0,0.5152337,173.0,136.0,0.75408447,149.0,131.0,0.91006774,171.0,202.0,0.5401759,102.0,150.0,0.53606534,165.0,266.0,0.6988941,151.0,164.0,0.7747563
guy3_tree098.jpg,163.0,26.0,0.7988899,169.0,20.0,0.75249547,161.0,21.0,0.83423656,185.0,25.0,0.89361095,166.0,24.0,0.5997552,197.0,59.0,0.8535442,151.0,56.0,0.7815202,197.0,92.0,0.8507918,130.0,94.0,0.8303826,161.0,77.0,0.79318863,149.0,75.0,0.53455544,173.0,134.0,0.7873261,148.0,129.0,0.92432684,169.0,199.0,0.66457355,103.0,149.0,0.59660983,165.0,261.0,0.7574556,151.0,163.0,0.7942538
guy3_tree099.jpg,162.0,25.0,0.77116895,168.0,20.0,0.8521271,161.0,20.0,0.7707397,183.0,26.0,0.74045795,165.0,24.0,0.6180461,197.0,59.0,0.82114303,151.0,54.0,0.8353746,195.0,91.0,0.7990634,128.0,95.0,0.7737886,160.0,77.0,0.7000549,149.0,75.0,0.6309267,174.0,133.0,0.8433274,149.0,129.0,0.92653805,170.0,199.0,0.6808942,104.0,148.0,0.686957,164.0,262.0,0.7552229,150.0,163.0,0.8058715
guy3_tree100.jpg,161.0,25.0,0.7611185,168.0,20.0,0.7751433,160.0,20.0,0.76574343,183.0,26.0,0.7098893,164.0,23.0,0.6362748,196.0,59.0,0.8357433,150.0,54.0,0.872991,195.0,90.0,0.7623484,128.0,94.0,0.8341329,159.0,76.0,0.7088076,150.0,75.0,0.5386039,172.0,133.0,0.8530441,147.0,129.0,0.82984304,169.0,200.0,0.74290353,104.0,147.0,0.705739,164.0,262.0,0.8112851,150.0,162.0,0.7898233
guy3_tree101.jpg,160.0,24.0,0.5973296,167.0,19.0,0.80381083,159.0,19.0,0.45848435,182.0,25.0,0.73876905,164.0,22.0,0.37609705,194.0,60.0,0.7913608,151.0,55.0,0.81755424,192.0,89.0,0.6865622,129.0,94.0,0.6329496,158.0,75.0,0.54385376,148.0,74.0,0.62021804,171.0,133.0,0.6672267,148.0,127.0,0.8684883,168.0,199.0,0.83302927,103.0,147.0,0.4930186,163.0,261.0,0.70761293,148.0,161.0,0.67540437
guy3_tree102.jpg,159.0,24.0,0.6674161,165.0,19.0,0.8096893,158.0,19.0,0.7181015,181.0,25.0,0.68876106,165.0,22.0,0.6278734,194.0,59.0,0.764171,149.0,57.0,0.78017646,191.0,89.0,0.7415943,128.0,94.0,0.73197806,156.0,76.0,0.6198704,146.0,74.0,0.63100404,171.0,132.0,0.74054253,148.0,128.0,0.9156633,168.0,197.0,0.7938838,104.0,146.0,0.76243126,163.0,260.0,0.7302145,148.0,160.0,0.7856923
guy3_tree103.jpg,159.0,23.0,0.72287583,166.0,18.0,0.81375426,158.0,18.0,0.5975764,181.0,24.0,0.8512978,163.0,22.0,0.49404496,194.0,58.0,0.7719059,150.0,55.0,0.82924265,191.0,87.0,0.70158273,128.0,94.0,0.7048506,157.0,75.0,0.59851134,146.0,73.0,0.66212505,171.0,132.0,0.8143893,146.0,128.0,0.76952785,168.0,197.0,0.74168193,104.0,146.0,0.67580956,163.0,258.0,0.7977789,148.0,160.0,0.7829028
guy3_tree104.jpg,158.0,23.0,0.5650584,165.0,18.0,0.84833044,157.0,18.0,0.59824437,180.0,24.0,0.75550526,162.0,21.0,0.46969426,192.0,57.0,0.81511927,149.0,53.0,0.68974423,189.0,87.0,0.58380127,128.0,92.0,0.6729438,155.0,73.0,0.6500532,147.0,73.0,0.45333877,169.0,131.0,0.6291754,147.0,126.0,0.89735687,167.0,196.0,0.85449165,104.0,145.0,0.65102065,162.0,259.0,0.69459605,147.0,160.0,0.71328837
guy3_tree105.jpg,157.0,23.0,0.78030086,164.0,17.0,0.9257069,156.0,17.0,0.7669903,180.0,23.0,0.80378217,163.0,20.0,0.53914094,193.0,58.0,0.87544525,149.0,53.0,0.7319987,187.0,87.0,0.58712417,127.0,93.0,0.7786633,153.0,73.0,0.68567586,146.0,72.0,0.49867263,169.0,130.0,0.8197962,145.0,126.0,0.8321735,165.0,196.0,0.91311544,104.0,144.0,0.68797183,161.0,258.0,0.810714,147.0,160.0,0.7118234
guy3_tree106.jpg,157.0,22.0,0.64974093,164.0,17.0,0.83984745,157.0,17.0,0.51232815,180.0,23.0,0.75909525,161.0,20.0,0.4218778,191.0,58.0,0.892653,149.0,53.0,0.7807507,186.0,87.0,0.4909807,128.0,92.0,0.7586182,152.0,74.0,0.69402367,145.0,73.0,0.505067,167.0,129.0,0.5776764,145.0,126.0,0.72122705,165.0,196.0,0.7873536,104.0,145.0,0.7309542,162.0,257.0,0.7079687,147.0,161.0,0.7232947
guy3_tree107.jpg,157.0,23.0,0.53686106,164.0,17.0,0.8123221,156.0,18.0,0.59071994,179.0,23.0,0.7484333,162.0,20.0,0.59291744,192.0,55.0,0.56511724,149.0,54.0,0.72774464,185.0,85.0,0.6539149,129.0,93.0,0.659105,152.0,72.0,0.7196356,146.0,73.0,0.48798904,168.0,129.0,0.7679348,146.0,126.0,0.824807,165.0,194.0,0.75920355,105.0,144.0,0.64238536,161.0,257.0,0.75665677,147.0,158.0,0.7187517
guy3_tree108.jpg,157.0,22.0,0.4373238,163.0,17.0,0.7795255,156.0,17.0,0.52216554,179.0,22.0,0.6227181,160.0,20.0,0.30837673,189.0,56.0,0.66656053,149.0,53.0,0.59712213,184.0,86.0,0.4744038,131.0,92.0,0.49573714,152.0,72.0,0.65299046,145.0,72.0,0.44500166,168.0,129.0,0.5640447,146.0,125.0,0.6869384,165.0,194.0,0.70911604,106.0,145.0,0.6472711,161.0,257.0,0.7251034,147.0,158.0,0.71556413
guy3_tree109.jpg,156.0,22.0,0.5129724,163.0,17.0,0.80446386,156.0,17.0,0.66472894,177.0,22.0,0.69108206,161.0,20.0,0.40068677,190.0,55.0,0.7397529,149.0,52.0,0.73317456,182.0,85.0,0.4801343,130.0,93.0,0.6098916,151.0,71.0,0.6715088,145.0,72.0,0.4229375,167.0,128.0,0.69707966,146.0,124.0,0.8023313,165.0,194.0,0.78589815,106.0,145.0,0.56951475,161.0,257.0,0.7767925,147.0,159.0,0.7573891
guy3_tree110.jpg,156.0,22.0,0.7172146,162.0,17.0,0.7263841,155.0,18.0,0.72027063,177.0,22.0,0.7090137,160.0,21.0,0.32611388,189.0,56.0,0.8065435,149.0,53.0,0.700124,180.0,85.0,0.4422522,130.0,93.0,0.6340121,151.0,72.0,0.6392461,144.0,74.0,0.4677566,167.0,128.0,0.64503825,146.0,125.0,0.74468964,165.0,194.0,0.6741018,106.0,145.0,0.5820397,161.0,256.0,0.7505262,146.0,157.0,0.72172505
guy3_tree111.jpg,155.0,22.0,0.75661206,161.0,17.0,0.5729251,154.0,18.0,0.7856508,177.0,22.0,0.813692,159.0,21.0,0.42526764,188.0,54.0,0.73083556,148.0,51.0,0.7810396,181.0,84.0,0.6497636,130.0,93.0,0.58162594,151.0,72.0,0.6319487,144.0,72.0,0.504894,166.0,128.0,0.5539818,146.0,124.0,0.8831715,164.0,193.0,0.7224957,106.0,144.0,0.55476475,161.0,256.0,0.76683545,146.0,157.0,0.7538192
guy3_tree112.jpg,156.0,22.0,0.74290025,162.0,17.0,0.789884,155.0,18.0,0.7855501,177.0,22.0,0.7523697,161.0,20.0,0.30382398,187.0,55.0,0.71061516,150.0,51.0,0.62359434,179.0,83.0,0.51066893,131.0,91.0,0.57022345,151.0,70.0,0.646489,144.0,70.0,0.4418429,168.0,127.0,0.7388576,146.0,124.0,0.73281455,165.0,192.0,0.78539956,108.0,143.0,0.56360483,161.0,254.0,0.70131445,146.0,156.0,0.69553673
guy3_tree113.jpg,154.0,23.0,0.7177646,160.0,18.0,0.87222224,154.0,18.0,0.81364626,177.0,23.0,0.8002196,162.0,20.0,0.5025632,188.0,52.0,0.83257765,148.0,49.0,0.70303404,179.0,81.0,0.5732398,130.0,90.0,0.6611513,151.0,68.0,0.70530593,145.0,69.0,0.505909,168.0,127.0,0.82392985,147.0,124.0,0.8027036,164.0,192.0,0.59547484,108.0,143.0,0.77689016,160.0,256.0,0.85578215,145.0,156.0,0.70299447
guy3_tree114.jpg,155.0,23.0,0.74403787,161.0,19.0,0.76021194,155.0,19.0,0.7635178,176.0,22.0,0.75812876,161.0,21.0,0.2615711,189.0,54.0,0.6994256,151.0,53.0,0.6785697,178.0,80.0,0.5241513,129.0,88.0,0.68548,151.0,66.0,0.511036,144.0,66.0,0.4729152,167.0,127.0,0.73339254,147.0,124.0,0.88422126,164.0,191.0,0.8485825,109.0,143.0,0.6200203,162.0,253.0,0.6492329,145.0,156.0,0.79982936
guy3_tree115.jpg,155.0,24.0,0.7152042,161.0,19.0,0.77413917,155.0,19.0,0.739862,177.0,23.0,0.8209924,162.0,22.0,0.30019253,189.0,54.0,0.7215309,151.0,53.0,0.6805468,177.0,78.0,0.5990139,127.0,87.0,0.60125273,151.0,62.0,0.61389256,143.0,63.0,0.5265789,167.0,127.0,0.71590793,147.0,124.0,0.86942184,165.0,193.0,0.8047621,111.0,143.0,0.60671175,161.0,255.0,0.7368225,147.0,155.0,0.7657207
guy3_tree116.jpg,156.0,22.0,0.5713999,162.0,19.0,0.3505751,156.0,19.0,0.52900493,176.0,23.0,0.6462399,161.0,21.0,0.16895185,186.0,52.0,0.6007531,153.0,53.0,0.5283705,177.0,73.0,0.42666158,128.0,85.0,0.6636133,151.0,57.0,0.5182166,144.0,59.0,0.65264416,168.0,127.0,0.68751407,147.0,123.0,0.69319415,164.0,190.0,0.744581,112.0,143.0,0.5144955,162.0,254.0,0.60126054,146.0,156.0,0.7565751
guy3_tree117.jpg,156.0,23.0,0.73869675,161.0,19.0,0.7761214,156.0,20.0,0.8170348,177.0,22.0,0.8396332,162.0,22.0,0.23447464,187.0,52.0,0.7318202,154.0,54.0,0.7053089,175.0,71.0,0.4091111,128.0,83.0,0.5835382,151.0,54.0,0.62519425,144.0,55.0,0.50029564,168.0,126.0,0.72057706,148.0,123.0,0.7538088,164.0,192.0,0.7846917,113.0,143.0,0.72443175,162.0,253.0,0.6726261,147.0,158.0,0.7620417
guy3_tree118.jpg,157.0,24.0,0.7247695,162.0,20.0,0.77365303,156.0,20.0,0.7406423,177.0,23.0,0.8224245,161.0,23.0,0.2649202,190.0,52.0,0.7013829,152.0,55.0,0.7437646,174.0,70.0,0.40188187,126.0,80.0,0.7997897,150.0,51.0,0.5335729,141.0,53.0,0.65980864,168.0,126.0,0.75178456,149.0,122.0,0.58321774,165.0,192.0,0.7338278,114.0,143.0,0.71493685,163.0,251.0,0.6592062,148.0,156.0,0.78604674
guy3_tree119.jpg,157.0,25.0,0.55538225,162.0,21.0,0.6576733,156.0,21.0,0.5496333,178.0,24.0,0.46013868,162.0,23.0,0.23918469,188.0,52.0,0.86314476,157.0,54.0,0.5589784,173.0,66.0,0.49404645,128.0,74.0,0.8351841,150.0,48.0,0.55277026,141.0,50.0,0.59336346,168.0,127.0,0.6610858,151.0,124.0,0.7317517,166.0,191.0,0.6976657,115.0,142.0,0.5981587,162.0,253.0,0.8391171,148.0,157.0,0.7171659
guy3_tree120.jpg,157.0,26.0,0.55727756,162.0,22.0,0.6384306,156.0,23.0,0.59015715,177.0,25.0,0.4831797,161.0,25.0,0.18198696,187.0,52.0,0.82265174,157.0,55.0,0.54566705,172.0,63.0,0.43181646,127.0,71.0,0.6789791,151.0,45.0,0.5188061,141.0,47.0,0.55364025,168.0,127.0,0.60029995,151.0,123.0,0.7228663,166.0,191.0,0.45522732,115.0,143.0,0.5021015,163.0,253.0,0.8092927,148.0,157.0,0.7469441
guy3_tree121.jpg,158.0,26.0,0.7049724,163.0,22.0,0.6867671,157.0,22.0,0.4992088,179.0,25.0,0.60012347,163.0,25.0,0.23584762,187.0,51.0,0.7947236,157.0,54.0,0.69922245,169.0,60.0,0.56661075,127.0,69.0,0.58844465,152.0,40.0,0.50390947,139.0,43.0,0.49453643,169.0,126.0,0.55089116,152.0,124.0,0.77502024,166.0,192.0,0.69944525,117.0,143.0,0.55019283,163.0,254.0,0.7787595,149.0,156.0,0.73664826
guy3_tree122.jpg,160.0,26.0,0.635572,165.0,22.0,0.49978718,157.0,23.0,0.5449342,179.0,26.0,0.6777178,160.0,25.0,0.15095323,187.0,51.0,0.76262736,157.0,53.0,0.7054219,167.0,57.0,0.5309298,128.0,65.0,0.5638463,150.0,36.0,0.241912,141.0,39.0,0.5123861,169.0,126.0,0.6298732,152.0,123.0,0.7548085,167.0,192.0,0.7007962,119.0,142.0,0.48846486,164.0,253.0,0.76464283,150.0,156.0,0.74061537
guy3_tree123.jpg,159.0,26.0,0.66729283,165.0,23.0,0.32025987,159.0,23.0,0.6602857,180.0,28.0,0.5449736,163.0,25.0,0.22617437,187.0,51.0,0.7942608,155.0,53.0,0.66576535,166.0,52.0,0.50244296,127.0,61.0,0.68528694,150.0,31.0,0.43140337,140.0,35.0,0.62341654,169.0,126.0,0.5122384,153.0,123.0,0.5667903,168.0,193.0,0.6974017,119.0,144.0,0.6041817,164.0,253.0,0.73715353,150.0,158.0,0.7260639
guy3_tree124.jpg,160.0,28.0,0.44843706,165.0,25.0,0.6733111,158.0,25.0,0.45415497,180.0,28.0,0.7829355,164.0,27.0,0.34153995,190.0,50.0,0.78174144,156.0,53.0,0.59748125,168.0,49.0,0.48271638,128.0,59.0,0.6302954,150.0,30.0,0.48083574,141.0,32.0,0.6081913,170.0,127.0,0.6448308,154.0,124.0,0.5972638,168.0,193.0,0.6803401,120.0,143.0,0.67793036,165.0,252.0,0.7388779,151.0,157.0,0.69519705
guy3_tree125.jpg,159.0,31.0,0.6357255,164.0,26.0,0.7123784,159.0,26.0,0.64033365,180.0,28.0,0.7718533,166.0,28.0,0.5927741,191.0,48.0,0.8092801,157.0,53.0,0.8003826,167.0,47.0,0.4276482,128.0,55.0,0.741549,151.0,23.0,0.4012675,142.0,27.0,0.6410031,171.0,127.0,0.61523664,154.0,124.0,0.75211114,168.0,194.0,0.5679499,120.0,144.0,0.72486776,166.0,253.0,0.87613994,152.0,156.0,0.7191508
guy3_tree126.jpg,159.0,32.0,0.55626315,164.0,27.0,0.7800232,159.0,28.0,0.66403794,180.0,29.0,0.6485412,166.0,29.0,0.46739775,191.0,48.0,0.8234674,157.0,52.0,0.7506716,167.0,46.0,0.37241647,127.0,52.0,0.79160166,152.0,21.0,0.5715697,143.0,23.0,0.72093785,170.0,127.0,0.7214005,154.0,124.0,0.7223435,169.0,193.0,0.586023,121.0,144.0,0.73392653,166.0,252.0,0.8596872,152.0,156.0,0.6657867
guy3_tree127.jpg,161.0,33.0,0.5007934,165.0,28.0,0.7704724,161.0,28.0,0.57117903,181.0,30.0,0.80313605,167.0,29.0,0.5421849,193.0,48.0,0.8176358,158.0,51.0,0.81353736,166.0,43.0,0.3502236,130.0,52.0,0.92528784,152.0,18.0,0.74832463,145.0,21.0,0.719571,173.0,126.0,0.81850266,155.0,124.0,0.8830812,169.0,193.0,0.8361229,122.0,144.0,0.81389517,167.0,251.0,0.8446214,153.0,158.0,0.75432694
guy3_tree128.jpg,162.0,32.0,0.6514743,167.0,28.0,0.62656283,162.0,27.0,0.642192,182.0,30.0,0.5954816,170.0,29.0,0.55377626,190.0,50.0,0.8211688,157.0,52.0,0.81758416,169.0,40.0,0.49074554,129.0,47.0,0.75552404,154.0,16.0,0.6989181,144.0,19.0,0.54023993,172.0,128.0,0.63185495,156.0,124.0,0.76593083,170.0,194.0,0.78735375,124.0,145.0,0.7469666,168.0,252.0,0.8993016,155.0,156.0,0.75155467
guy3_tree129.jpg,163.0,34.0,0.5860858,168.0,30.0,0.60544395,163.0,29.0,0.65971994,182.0,32.0,0.5680918,171.0,30.0,0.6070963,189.0,50.0,0.80628645,157.0,51.0,0.82016885,169.0,36.0,0.41499895,133.0,42.0,0.9230093,155.0,13.0,0.61872214,145.0,14.0,0.67410314,173.0,127.0,0.8397569,157.0,124.0,0.9006625,169.0,194.0,0.888075,124.0,144.0,0.71127266,168.0,251.0,0.8849503,155.0,157.0,0.81081235
guy3_tree130.jpg,164.0,35.0,0.6634903,169.0,30.0,0.5292435,163.0,30.0,0.75320613,182.0,32.0,0.62721056,170.0,31.0,0.45314756,189.0,51.0,0.8476363,158.0,50.0,0.85073596,168.0,30.0,0.43345675,133.0,38.0,0.69155586,158.0,9.0,0.7905145,146.0,11.0,0.6730461,174.0,127.0,0.85534716,158.0,125.0,0.9048293,170.0,195.0,0.8842206,125.0,145.0,0.7903834,168.0,253.0,0.8988663,155.0,157.0,0.83103615
guy3_tree131.jpg,162.0,36.0,0.56543756,167.0,32.0,0.6339522,163.0,31.0,0.71082234,181.0,32.0,0.66987497,173.0,31.0,0.4887083,189.0,52.0,0.64843094,162.0,52.0,0.7608126,174.0,25.0,0.42108136,134.0,36.0,0.7501243,160.0,6.0,0.7922525,151.0,8.0,0.72133803,173.0,128.0,0.82410014,158.0,126.0,0.9122851,170.0,196.0,0.9130795,126.0,145.0,0.80498505,169.0,252.0,0.9067975,156.0,159.0,0.86560553
guy3_tree132.jpg,163.0,35.0,0.6020026,167.0,32.0,0.5198705,164.0,32.0,0.623364,180.0,35.0,0.7025543,172.0,34.0,0.6041285,187.0,51.0,0.7585373,164.0,54.0,0.7252673,175.0,24.0,0.29604113,139.0,33.0,0.9406969,160.0,7.0,0.7180446,155.0,7.0,0.6652807,174.0,132.0,0.8767339,156.0,131.0,0.9265777,170.0,195.0,0.7009236,127.0,146.0,0.6541318,168.0,253.0,0.62413347,153.0,161.0,0.7973794
guy3_tree133.jpg,164.0,35.0,0.51377106,170.0,32.0,0.46432218,165.0,30.0,0.663747,183.0,36.0,0.51357377,173.0,34.0,0.49332377,187.0,51.0,0.7081139,165.0,53.0,0.75193286,175.0,21.0,0.24583475,143.0,31.0,0.8381036,162.0,6.0,0.59728265,155.0,6.0,0.4629774,174.0,132.0,0.7981565,156.0,131.0,0.8980042,169.0,198.0,0.66635907,128.0,147.0,0.57004064,168.0,254.0,0.6758901,153.0,162.0,0.6938957
guy3_tree134.jpg,163.0,37.0,0.35622993,169.0,33.0,0.5134076,165.0,32.0,0.5606655,181.0,36.0,0.5017083,174.0,36.0,0.44137305,188.0,53.0,0.7819826,166.0,53.0,0.7238227,176.0,21.0,0.42522013,146.0,30.0,0.82019037,165.0,9.0,0.45988816,158.0,5.0,0.29051286,174.0,134.0,0.8361286,157.0,132.0,0.9156192,170.0,198.0,0.6002935,129.0,148.0,0.61215657,169.0,254.0,0.73744345,154.0,161.0,0.69828457
guy3_tree135.jpg,167.0,37.0,0.38549888,172.0,34.0,0.4920908,166.0,33.0,0.54334044,183.0,39.0,0.5924793,172.0,36.0,0.30382514,186.0,55.0,0.4859435,166.0,54.0,0.69124496,179.0,21.0,0.21141538,148.0,28.0,0.7419792,168.0,6.0,0.44604188,159.0,5.0,0.18511921,175.0,134.0,0.7283409,157.0,132.0,0.8535626,171.0,198.0,0.6897514,131.0,149.0,0.42700848,169.0,255.0,0.67616796,154.0,163.0,0.6896712
guy3_tree136.jpg,163.0,42.0,0.53212565,167.0,36.0,0.43333918,166.0,36.0,0.6473389,181.0,37.0,0.6887945,177.0,36.0,0.55888593,189.0,54.0,0.74490047,167.0,56.0,0.78588617,175.0,10.0,0.3753689,152.0,26.0,0.71134055,167.0,-2.0,0.29720128,155.0,25.0,0.10763289,174.0,132.0,0.7844334,159.0,130.0,0.93132645,171.0,198.0,0.7734131,130.0,148.0,0.7058575,169.0,255.0,0.90778387,156.0,162.0,0.78719795
guy3_tree137.jpg,164.0,42.0,0.49634236,168.0,36.0,0.46954715,166.0,36.0,0.68942165,182.0,38.0,0.63276047,176.0,38.0,0.6390056,189.0,55.0,0.83516794,167.0,57.0,0.5808214,177.0,14.0,0.33800137,155.0,26.0,0.54615724,169.0,-2.0,0.2657494,157.0,25.0,0.15760429,174.0,134.0,0.6807427,159.0,132.0,0.9137083,172.0,200.0,0.7054741,131.0,148.0,0.6232281,170.0,256.0,0.8276624,156.0,163.0,0.7472611
guy3_tree138.jpg,165.0,44.0,0.51734966,169.0,38.0,0.41201857,166.0,38.0,0.59961385,183.0,39.0,0.6306733,176.0,40.0,0.52087235,190.0,57.0,0.78054976,170.0,59.0,0.59073246,179.0,15.0,0.60163116,157.0,24.0,0.5364052,170.0,-1.0,0.3232533,158.0,19.0,0.18195549,176.0,135.0,0.6748818,161.0,133.0,0.8468317,173.0,201.0,0.76636213,132.0,148.0,0.72907573,170.0,257.0,0.7648346,157.0,165.0,0.6894325
guy3_tree139.jpg,165.0,45.0,0.48180273,170.0,39.0,0.69107103,166.0,39.0,0.54187965,183.0,41.0,0.67782253,175.0,41.0,0.55473804,189.0,59.0,0.7398263,169.0,60.0,0.800233,177.0,16.0,0.5713795,159.0,25.0,0.62436837,171.0,0.0,0.29935157,159.0,24.0,0.12900569,176.0,134.0,0.71646136,161.0,132.0,0.8822112,172.0,200.0,0.8232607,133.0,149.0,0.6333922,170.0,257.0,0.86322016,157.0,166.0,0.7587338
guy3_tree140.jpg,166.0,46.0,0.48832253,170.0,40.0,0.655236,167.0,40.0,0.48526484,184.0,43.0,0.659575,176.0,42.0,0.59710205,190.0,60.0,0.7855917,169.0,60.0,0.73853385,179.0,17.0,0.5283398,162.0,23.0,0.55566186,172.0,0.0,0.22785483,163.0,1.0,0.30332083,176.0,136.0,0.8309372,161.0,134.0,0.8659385,172.0,202.0,0.8234805,132.0,151.0,0.5682706,171.0,259.0,0.7732294,157.0,166.0,0.7309283
guy3_tree141.jpg,166.0,47.0,0.52023065,171.0,41.0,0.4899711,167.0,42.0,0.61072844,184.0,44.0,0.7362531,175.0,44.0,0.53933847,190.0,62.0,0.8151989,169.0,63.0,0.62312365,179.0,21.0,0.46263224,160.0,33.0,0.23811384,171.0,1.0,0.31831416,160.0,24.0,0.16540337,175.0,138.0,0.707711,160.0,137.0,0.92151046,172.0,203.0,0.78890145,133.0,151.0,0.55515325,171.0,259.0,0.85896236,156.0,166.0,0.6597451
guy3_tree142.jpg,166.0,47.0,0.62802726,170.0,43.0,0.7688196,166.0,43.0,0.7029996,183.0,44.0,0.5807748,173.0,45.0,0.5127777,189.0,63.0,0.7919872,170.0,64.0,0.75247896,178.0,20.0,0.53873205,161.0,27.0,0.43165168,170.0,5.0,0.28145403,160.0,25.0,0.1787077,175.0,139.0,0.8369784,160.0,138.0,0.9097969,172.0,203.0,0.7560295,133.0,153.0,0.72158694,171.0,259.0,0.7851986,157.0,167.0,0.6400435
guy3_tree143.jpg,166.0,48.0,0.61069775,171.0,43.0,0.66326046,166.0,43.0,0.67189693,183.0,46.0,0.58527654,173.0,46.0,0.39826667,189.0,64.0,0.63542795,170.0,65.0,0.7660312,177.0,19.0,0.4408984,161.0,27.0,0.460642,171.0,6.0,0.347882,160.0,28.0,0.23431477,176.0,140.0,0.74062335,161.0,139.0,0.8209192,173.0,204.0,0.6787789,133.0,154.0,0.6570125,172.0,259.0,0.78978837,157.0,168.0,0.69448805
guy3_tree144.jpg,166.0,49.0,0.5706895,171.0,44.0,0.7123952,167.0,44.0,0.6984227,184.0,46.0,0.5919963,174.0,47.0,0.4649245,189.0,64.0,0.7561765,169.0,66.0,0.7076752,178.0,23.0,0.5385939,162.0,28.0,0.3987646,171.0,4.0,0.42829832,161.0,29.0,0.17595811,175.0,140.0,0.6861855,160.0,139.0,0.9052396,173.0,205.0,0.7444104,134.0,154.0,0.66465294,171.0,259.0,0.8123685,157.0,169.0,0.6944907
guy3_tree145.jpg,167.0,50.0,0.6020036,172.0,46.0,0.65756834,168.0,46.0,0.67645687,183.0,48.0,0.56388533,173.0,49.0,0.46671605,189.0,67.0,0.791658,169.0,68.0,0.72747797,178.0,28.0,0.5591848,163.0,32.0,0.51862586,171.0,6.0,0.6559992,162.0,7.0,0.35732496,175.0,143.0,0.658897,161.0,141.0,0.9144342,173.0,207.0,0.76011336,134.0,156.0,0.63838917,171.0,261.0,0.83295274,157.0,171.0,0.72350323
guy3_tree146.jpg,167.0,51.0,0.61313045,171.0,46.0,0.6411398,167.0,46.0,0.6303883,183.0,48.0,0.5883018,173.0,49.0,0.4798695,189.0,67.0,0.75592625,170.0,69.0,0.7353178,178.0,28.0,0.48440135,163.0,36.0,0.34858143,171.0,6.0,0.6461021,163.0,6.0,0.32984382,176.0,142.0,0.7256547,162.0,141.0,0.8246698,173.0,207.0,0.82544357,135.0,156.0,0.5885134,171.0,261.0,0.8931268,158.0,173.0,0.636142
guy3_tree147.jpg,166.0,54.0,0.6479677,170.0,50.0,0.7786033,166.0,49.0,0.7252095,183.0,51.0,0.52948344,173.0,52.0,0.49841323,189.0,70.0,0.7769625,171.0,71.0,0.7406905,178.0,30.0,0.47795734,165.0,36.0,0.36317828,170.0,9.0,0.567924,163.0,10.0,0.3230609,175.0,145.0,0.64733374,162.0,143.0,0.795637,172.0,208.0,0.8310513,135.0,158.0,0.7386954,171.0,262.0,0.8853463,158.0,174.0,0.7316324
guy3_tree148.jpg,166.0,55.0,0.6594864,170.0,50.0,0.7442763,166.0,50.0,0.6999819,183.0,52.0,0.58719385,173.0,52.0,0.4760947,189.0,70.0,0.71694237,172.0,71.0,0.71724486,178.0,31.0,0.4990081,164.0,41.0,0.35028306,170.0,11.0,0.47137496,163.0,9.0,0.27317142,175.0,145.0,0.6709058,161.0,143.0,0.77251357,172.0,209.0,0.80513513,135.0,159.0,0.6454952,171.0,263.0,0.9054012,158.0,176.0,0.6773293
guy3_tree149.jpg,167.0,55.0,0.6307682,171.0,51.0,0.61719024,167.0,51.0,0.6403558,183.0,54.0,0.6300328,173.0,53.0,0.41723812,189.0,72.0,0.64517105,173.0,73.0,0.6100521,178.0,33.0,0.49060053,165.0,42.0,0.33526248,170.0,12.0,0.39968044,163.0,11.0,0.26075125,175.0,146.0,0.59531313,161.0,145.0,0.7431396,172.0,211.0,0.7183664,135.0,159.0,0.56756586,171.0,264.0,0.80971503,158.0,177.0,0.68312174
guy3_tree150.jpg,167.0,57.0,0.64906836,171.0,52.0,0.6236152,167.0,52.0,0.6300585,183.0,54.0,0.64626884,173.0,55.0,0.48265257,190.0,72.0,0.6678283,172.0,73.0,0.67788696,179.0,35.0,0.5433887,164.0,45.0,0.47378868,171.0,13.0,0.5687013,162.0,15.0,0.24997179,175.0,148.0,0.6377828,161.0,146.0,0.77007926,172.0,212.0,0.6973872,136.0,161.0,0.685351,171.0,264.0,0.87425333,159.0,177.0,0.7280804
guy3_tree151.jpg,167.0,58.0,0.6279545,171.0,54.0,0.6610621,167.0,53.0,0.6709548,183.0,55.0,0.5944015,173.0,55.0,0.45652008,189.0,73.0,0.7129053,172.0,74.0,0.70671654,178.0,35.0,0.5051248,163.0,44.0,0.39593673,171.0,14.0,0.59310114,162.0,12.0,0.26980165,175.0,148.0,0.7753083,161.0,147.0,0.89363575,172.0,212.0,0.66916764,136.0,162.0,0.6744561,171.0,266.0,0.78964806,159.0,178.0,0.57974696
guy3_tree152.jpg,167.0,60.0,0.627594,170.0,55.0,0.67868996,167.0,55.0,0.6235099,183.0,57.0,0.609784,176.0,56.0,0.4709715,189.0,74.0,0.6497239,173.0,75.0,0.7042314,177.0,37.0,0.43501306,164.0,42.0,0.6146196,171.0,16.0,0.55644965,163.0,13.0,0.28072038,174.0,149.0,0.59992313,162.0,147.0,0.780959,172.0,213.0,0.6668346,137.0,163.0,0.6110519,171.0,266.0,0.7900812,159.0,179.0,0.67881596
guy3_tree153.jpg,167.0,61.0,0.6439777,171.0,56.0,0.7007847,168.0,56.0,0.6336814,183.0,59.0,0.557776,176.0,58.0,0.38278827,189.0,77.0,0.6637101,173.0,77.0,0.59326595,178.0,39.0,0.46961954,164.0,43.0,0.4709106,171.0,19.0,0.5421121,163.0,18.0,0.3246375,175.0,151.0,0.76509815,161.0,149.0,0.88205886,172.0,214.0,0.61214614,137.0,164.0,0.6607059,171.0,267.0,0.7769059,160.0,182.0,0.599751
guy3_tree154.jpg,167.0,62.0,0.60290885,171.0,58.0,0.6439276,167.0,57.0,0.6002214,183.0,60.0,0.6359693,174.0,59.0,0.45501855,189.0,78.0,0.6977234,172.0,77.0,0.67502105,179.0,39.0,0.41946453,165.0,45.0,0.49539036,173.0,17.0,0.59699714,164.0,16.0,0.35408723,175.0,152.0,0.6425909,162.0,150.0,0.8086198,172.0,216.0,0.68187857,137.0,164.0,0.61238015,172.0,267.0,0.8323823,160.0,181.0,0.59199077
guy3_tree155.jpg,167.0,63.0,0.6062047,171.0,58.0,0.63322145,167.0,58.0,0.6101581,183.0,61.0,0.5301234,175.0,60.0,0.3826089,189.0,79.0,0.71170366,171.0,78.0,0.7034731,177.0,39.0,0.5504019,164.0,45.0,0.42484915,171.0,21.0,0.48155856,163.0,20.0,0.34667557,174.0,153.0,0.53378654,160.0,151.0,0.8927832,171.0,215.0,0.6794908,136.0,166.0,0.6357702,170.0,269.0,0.69846535,159.0,183.0,0.60972655
guy3_tree156.jpg,166.0,64.0,0.60033214,170.0,59.0,0.5525027,166.0,59.0,0.6154283,183.0,61.0,0.64514136,173.0,60.0,0.2831261,188.0,80.0,0.70702183,171.0,80.0,0.7011823,177.0,42.0,0.5482622,163.0,45.0,0.48587835,170.0,23.0,0.40342677,162.0,21.0,0.24643637,174.0,154.0,0.5275078,160.0,152.0,0.88507175,171.0,216.0,0.6856824,136.0,166.0,0.6189105,170.0,269.0,0.796994,159.0,185.0,0.54276687
guy3_tree157.jpg,167.0,65.0,0.58395195,171.0,60.0,0.5204228,167.0,60.0,0.6013837,183.0,63.0,0.4648589,172.0,61.0,0.31316727,188.0,81.0,0.6334918,170.0,81.0,0.57790136,176.0,40.0,0.3883595,162.0,45.0,0.5385263,170.0,23.0,0.33615953,161.0,20.0,0.14133765,174.0,154.0,0.69666123,161.0,153.0,0.83285373,171.0,217.0,0.6551372,137.0,167.0,0.52551436,171.0,270.0,0.7345011,159.0,184.0,0.48131764
guy3_tree158.jpg,167.0,65.0,0.55050284,171.0,61.0,0.5066531,167.0,60.0,0.62713176,182.0,63.0,0.5032248,172.0,62.0,0.27189457,188.0,81.0,0.6954285,170.0,81.0,0.62102604,179.0,41.0,0.5013596,161.0,45.0,0.4795435,172.0,23.0,0.29261443,157.0,33.0,0.11672802,174.0,154.0,0.72848034,161.0,153.0,0.847316,171.0,218.0,0.61656094,137.0,167.0,0.4982784,171.0,271.0,0.7930293,159.0,183.0,0.41621268
guy3_tree159.jpg,167.0,66.0,0.48743454,172.0,61.0,0.4386631,167.0,61.0,0.5639275,182.0,64.0,0.51956093,172.0,64.0,0.33106038,186.0,82.0,0.68147755,169.0,82.0,0.5915389,179.0,41.0,0.40991065,160.0,48.0,0.34617215,172.0,25.0,0.30160737,155.0,42.0,0.13423504,174.0,156.0,0.68018407,160.0,155.0,0.82291186,171.0,218.0,0.78486085,137.0,168.0,0.35864234,171.0,271.0,0.7197503,159.0,184.0,0.3787319
guy3_tree160.jpg,167.0,66.0,0.47073042,172.0,62.0,0.4516928,167.0,61.0,0.45910034,183.0,65.0,0.53446066,172.0,63.0,0.2869199,187.0,83.0,0.707708,169.0,81.0,0.54367256,179.0,43.0,0.38586697,158.0,49.0,0.5845221,173.0,25.0,0.3965581,159.0,22.0,0.3354196,174.0,156.0,0.684684,160.0,155.0,0.84078884,171.0,219.0,0.6743971,137.0,169.0,0.46625325,171.0,271.0,0.7778292,158.0,186.0,0.4063525
guy3_tree161.jpg,166.0,66.0,0.54153603,171.0,62.0,0.55143154,166.0,62.0,0.66360724,182.0,65.0,0.5519664,171.0,64.0,0.28797933,186.0,83.0,0.74847233,169.0,83.0,0.6303096,179.0,44.0,0.475832,158.0,49.0,0.6692302,174.0,26.0,0.26685947,158.0,24.0,0.29396406,174.0,156.0,0.7027888,161.0,155.0,0.8372722,170.0,219.0,0.6313374,137.0,170.0,0.4961094,170.0,272.0,0.78133905,158.0,186.0,0.3566008
guy3_tree162.jpg,165.0,68.0,0.5996878,170.0,64.0,0.6206503,166.0,63.0,0.63801736,182.0,67.0,0.63205564,173.0,66.0,0.33510616,186.0,85.0,0.7450891,170.0,85.0,0.6681112,179.0,44.0,0.5243137,157.0,53.0,0.47888097,175.0,26.0,0.1804668,156.0,23.0,0.570824,173.0,158.0,0.70735425,160.0,157.0,0.66055,170.0,221.0,0.70233977,137.0,171.0,0.43810353,170.0,273.0,0.74831176,158.0,187.0,0.3590484
guy3_tree163.jpg,164.0,70.0,0.5603806,168.0,66.0,0.62610626,164.0,66.0,0.5605396,181.0,67.0,0.6277913,171.0,67.0,0.3027523,187.0,87.0,0.69395065,169.0,86.0,0.64505637,179.0,48.0,0.4841577,157.0,56.0,0.50667125,174.0,26.0,0.26083064,154.0,24.0,0.64241856,173.0,160.0,0.6458409,160.0,158.0,0.6545746,170.0,221.0,0.6478573,138.0,171.0,0.40890315,170.0,274.0,0.6728208,160.0,195.0,0.29691115
guy3_tree164.jpg,164.0,70.0,0.6039456,168.0,66.0,0.7111274,164.0,66.0,0.590431,181.0,68.0,0.4800973,171.0,68.0,0.23921676,186.0,87.0,0.714429,170.0,87.0,0.65876365,180.0,48.0,0.65874624,156.0,56.0,0.4597017,176.0,29.0,0.168904,154.0,26.0,0.45969555,174.0,159.0,0.6601326,161.0,157.0,0.81125116,170.0,220.0,0.6173446,138.0,171.0,0.46987692,169.0,273.0,0.76632,161.0,197.0,0.30189535
guy3_tree165.jpg,164.0,72.0,0.5852382,167.0,68.0,0.69489396,163.0,67.0,0.5568099,180.0,69.0,0.4317785,170.0,69.0,0.3321299,185.0,87.0,0.6512468,169.0,87.0,0.5852019,179.0,48.0,0.6263742,155.0,59.0,0.4289638,175.0,31.0,0.1476369,153.0,29.0,0.5414624,173.0,160.0,0.5955985,161.0,159.0,0.6901194,170.0,221.0,0.7664723,137.0,172.0,0.4439394,169.0,274.0,0.7700851,160.0,199.0,0.26846865
guy3_tree166.jpg,163.0,71.0,0.61522955,167.0,68.0,0.7435002,163.0,67.0,0.66820323,180.0,69.0,0.569105,170.0,68.0,0.27228492,185.0,88.0,0.6704793,169.0,87.0,0.5606556,180.0,49.0,0.5767087,155.0,63.0,0.50215554,158.0,28.0,0.2190085,152.0,28.0,0.6686388,173.0,161.0,0.647506,160.0,158.0,0.6720208,169.0,222.0,0.6423491,137.0,173.0,0.41186267,169.0,275.0,0.6847496,161.0,200.0,0.21939154
guy3_tree167.jpg,163.0,72.0,0.60126793,167.0,69.0,0.7548262,163.0,68.0,0.65999186,180.0,70.0,0.5872539,170.0,70.0,0.27045292,185.0,89.0,0.6928827,169.0,89.0,0.60042477,181.0,50.0,0.5362445,155.0,65.0,0.45895246,157.0,30.0,0.19965555,152.0,29.0,0.65843046,173.0,162.0,0.65529025,160.0,159.0,0.6734184,169.0,223.0,0.62899804,137.0,173.0,0.4908128,169.0,276.0,0.6335185,162.0,202.0,0.1937319
guy3_tree168.jpg,162.0,72.0,0.5724584,166.0,69.0,0.63543606,162.0,68.0,0.6032862,179.0,70.0,0.547874,170.0,70.0,0.41134363,185.0,90.0,0.5892198,169.0,90.0,0.65704656,180.0,52.0,0.69800365,155.0,65.0,0.50180113,158.0,30.0,0.291815,153.0,30.0,0.7534579,172.0,162.0,0.66032195,161.0,160.0,0.70882696,169.0,223.0,0.5696185,136.0,173.0,0.42967784,168.0,277.0,0.7706274,160.0,201.0,0.27972934
guy3_tree169.jpg,162.0,74.0,0.5722743,166.0,70.0,0.64927655,162.0,69.0,0.5199982,179.0,70.0,0.421263,169.0,71.0,0.3347639,184.0,89.0,0.68926466,170.0,90.0,0.6189311,180.0,51.0,0.5805484,155.0,67.0,0.482348,158.0,31.0,0.295779,152.0,31.0,0.71351993,172.0,163.0,0.64342856,160.0,161.0,0.6757034,169.0,224.0,0.6061416,137.0,174.0,0.43179327,169.0,277.0,0.6626167,162.0,204.0,0.16293569
guy3_tree170.jpg,162.0,74.0,0.5698189,166.0,70.0,0.6208166,161.0,70.0,0.4788008,178.0,72.0,0.44790795,168.0,72.0,0.31174996,183.0,91.0,0.62772405,169.0,91.0,0.6359993,180.0,52.0,0.48546138,152.0,68.0,0.43033662,156.0,32.0,0.35751012,150.0,33.0,0.6045582,171.0,164.0,0.6363019,160.0,162.0,0.6495298,169.0,223.0,0.7573515,137.0,175.0,0.37013444,168.0,278.0,0.64415497,162.0,205.0,0.15625513
guy3_tree171.jpg,161.0,75.0,0.6873562,165.0,71.0,0.58938295,161.0,71.0,0.6572885,178.0,73.0,0.56654894,168.0,72.0,0.3834864,184.0,90.0,0.70167184,168.0,91.0,0.6727183,179.0,53.0,0.4926163,154.0,67.0,0.4836543,156.0,33.0,0.34607837,150.0,32.0,0.7188065,172.0,164.0,0.6925715,160.0,161.0,0.69536364,168.0,224.0,0.6900997,137.0,175.0,0.47460154,168.0,277.0,0.7698245,153.0,186.0,0.26606676
guy3_tree172.jpg,161.0,75.0,0.44265148,165.0,71.0,0.43608692,160.0,71.0,0.520707,178.0,73.0,0.7113917,167.0,73.0,0.39525494,183.0,90.0,0.6706792,168.0,91.0,0.6375464,179.0,52.0,0.44618326,152.0,67.0,0.46313813,156.0,32.0,0.23288104,149.0,33.0,0.5889864,172.0,164.0,0.67327964,160.0,162.0,0.7152312,168.0,225.0,0.6233735,137.0,175.0,0.44211844,168.0,277.0,0.7377908,154.0,186.0,0.28723612
guy3_tree173.jpg,160.0,75.0,0.6846794,164.0,72.0,0.71191096,160.0,72.0,0.60801107,177.0,74.0,0.6804258,167.0,73.0,0.40607283,183.0,92.0,0.6651273,168.0,92.0,0.6807443,179.0,55.0,0.51400375,152.0,68.0,0.47747323,155.0,34.0,0.24074309,149.0,34.0,0.565513,172.0,165.0,0.6889042,160.0,162.0,0.7303647,168.0,225.0,0.5987948,136.0,175.0,0.504076,168.0,278.0,0.7196864,165.0,209.0,0.1775073
guy3_tree174.jpg,160.0,76.0,0.69064623,164.0,72.0,0.68978083,159.0,72.0,0.68624204,177.0,74.0,0.56827086,166.0,74.0,0.26772615,183.0,92.0,0.6180218,168.0,93.0,0.60794437,180.0,55.0,0.44211286,152.0,68.0,0.4301934,154.0,35.0,0.16345116,148.0,34.0,0.6790436,171.0,165.0,0.68428445,161.0,163.0,0.73517096,168.0,224.0,0.7477175,136.0,176.0,0.5499189,168.0,278.0,0.8427628,155.0,187.0,0.2629749
guy3_tree175.jpg,160.0,76.0,0.6662914,164.0,73.0,0.62138975,160.0,73.0,0.6593809,177.0,75.0,0.59181833,166.0,75.0,0.26550025,183.0,93.0,0.6173092,168.0,93.0,0.5842222,180.0,56.0,0.4546913,153.0,69.0,0.41806003,155.0,36.0,0.1687556,148.0,38.0,0.5666609,172.0,165.0,0.6105733,160.0,163.0,0.6844963,168.0,225.0,0.71902984,137.0,176.0,0.383808,168.0,278.0,0.8114866,164.0,209.0,0.14541994
guy3_tree176.jpg,160.0,77.0,0.6964012,164.0,73.0,0.7397323,159.0,73.0,0.6836755,176.0,74.0,0.5151881,166.0,75.0,0.30248174,182.0,93.0,0.52873814,167.0,93.0,0.59263635,179.0,56.0,0.5521043,153.0,66.0,0.414678,154.0,36.0,0.19123463,150.0,36.0,0.5367073,171.0,165.0,0.58276063,160.0,163.0,0.62710476,168.0,225.0,0.6739769,136.0,176.0,0.40439767,168.0,278.0,0.79310095,164.0,208.0,0.12702295
guy3_tree177.jpg,159.0,77.0,0.6978016,163.0,73.0,0.61899513,159.0,73.0,0.71231556,176.0,75.0,0.54831713,166.0,74.0,0.3468075,181.0,93.0,0.6299778,167.0,93.0,0.6191349,178.0,57.0,0.48388556,153.0,66.0,0.5034592,154.0,36.0,0.26177895,148.0,36.0,0.47164157,170.0,166.0,0.65715647,159.0,164.0,0.71248454,167.0,226.0,0.79194903,136.0,176.0,0.41995817,167.0,279.0,0.6948887,152.0,188.0,0.26128787
guy3_tree178.jpg,159.0,77.0,0.6130991,164.0,73.0,0.61433554,159.0,73.0,0.6923347,176.0,75.0,0.4972664,164.0,76.0,0.27861592,181.0,94.0,0.43528157,167.0,93.0,0.54659206,178.0,57.0,0.41967,153.0,65.0,0.42491594,154.0,36.0,0.20561787,148.0,37.0,0.43438303,170.0,166.0,0.58104914,159.0,164.0,0.6258479,167.0,225.0,0.69335216,136.0,177.0,0.3111043,167.0,279.0,0.76004267,164.0,211.0,0.14154632
guy3_tree179.jpg,159.0,78.0,0.63775444,163.0,74.0,0.608076,158.0,74.0,0.63403,176.0,75.0,0.5416503,165.0,76.0,0.32238802,182.0,94.0,0.59669113,166.0,93.0,0.59341544,179.0,57.0,0.49784556,153.0,68.0,0.47834125,154.0,36.0,0.18692097,147.0,38.0,0.47807333,170.0,166.0,0.6215862,159.0,164.0,0.6646166,167.0,225.0,0.765242,137.0,177.0,0.34220403,167.0,279.0,0.74188447,152.0,188.0,0.24556428
guy3_tree180.jpg,159.0,78.0,0.64015126,163.0,74.0,0.66399896,158.0,74.0,0.57299554,176.0,75.0,0.6365363,164.0,76.0,0.33538193,181.0,94.0,0.45014384,167.0,93.0,0.50106186,179.0,56.0,0.51076555,153.0,66.0,0.404474,176.0,38.0,0.12462743,148.0,37.0,0.5489112,170.0,165.0,0.6049121,159.0,164.0,0.6331512,167.0,226.0,0.7451569,137.0,177.0,0.30060136,167.0,279.0,0.78702456,154.0,188.0,0.23022982
